target_id	sequence_index	chain_ids	changed	original_len	optimized_len	removed_n	removed_c	rules
T0206	0	A	false	237	237	0	0	none
T0218	0	A	false	1164	1164	0	0	none
T0234	0	A	false	413	413	0	0	none
T0235	0	A	false	115	115	0	0	none
T0237	0	A	false	488	488	0	0	none
T0240	0	A	true	653	624	29	0	trim_n_hydrophobic_leader:29
T0246	0	A	false	168	168	0	0	none
T0257	0	A	false	1263	1263	0	0	none
T0259	0	A	false	243	243	0	0	none
T0270	0	A	false	437	437	0	0	none
T1201	0	A,B	true	210	204	0	6	trim_c:HHHHHH
T1206	0	A	false	237	237	0	0	none
T1207	0	A	false	144	144	0	0	none
T1210	0	A	true	1770	1755	15	0	trim_n_hydrophobic_leader:15
T1218	0	A	false	1164	1164	0	0	none
T1226	0	A	false	123	123	0	0	none
T1231	0	A	false	142	142	0	0	none
T1234	0	A	false	413	413	0	0	none
T1235	0	A	false	115	115	0	0	none
T1237	0	A	false	488	488	0	0	none
T1240	0	A	true	653	624	29	0	trim_n_hydrophobic_leader:29
T1243	0	A	false	293	293	0	0	none
T1246	0	A	false	168	168	0	0	none
T1249V1	0	A,B,C	false	488	488	0	0	none
T1257	0	A	false	1263	1263	0	0	none
T1259	0	A	false	243	243	0	0	none
T1266	0	A	true	336	316	20	0	trim_n:MGSSHHHHHHSSGLVPRGSH
T1269	0	A	false	1410	1410	0	0	none
T1270	0	A	false	437	437	0	0	none
T1274	0	A	false	167	167	0	0	none
T1278	0	A	true	380	360	20	0	trim_n:MGSSHHHHHHSSGLVPRGSH
T1279	0	A	false	428	428	0	0	none
T1280	0	A	false	237	237	0	0	none
T1284	0	A	false	120	120	0	0	none
T1292	0	A,B	true	196	190	0	6	trim_c:HHHHHH
T1294V1	0	A,B	false	214	214	0	0	none
T1295	0	A,B,C,D,E,F,G,H	false	469	469	0	0	none
T1298	0	A,B	false	342	342	0	0	none
T1299	0	A	false	168	168	0	0	none
H0208	0	A	false	328	328	0	0	none
H0208	1	B	false	318	318	0	0	none
H0215	0	A	false	131	131	0	0	none
H0215	1	B	false	238	238	0	0	none
H0217	0	A	false	305	305	0	0	none
H0217	1	B	false	351	351	0	0	none
H0217	2	C	false	452	452	0	0	none
H0217	3	D	false	523	523	0	0	none
H0217	4	E	true	721	681	40	0	trim_n_low_complexity:40
H0217	5	F	false	587	587	0	0	none
H0222	0	A	false	41	41	0	0	none
H0222	1	B	false	224	224	0	0	none
H0222	2	C	false	220	220	0	0	none
H0223	0	A	false	41	41	0	0	none
H0223	1	B	false	229	229	0	0	none
H0223	2	C	false	216	216	0	0	none
H0225	0	A	false	41	41	0	0	none
H0225	1	B	false	227	227	0	0	none
H0225	2	C	false	215	215	0	0	none
H0227	0	A	false	427	427	0	0	none
H0227	1	B	false	877	877	0	0	none
H0229	0	A	false	788	788	0	0	none
H0229	1	B	false	199	199	0	0	none
H0230	0	A	false	788	788	0	0	none
H0230	1	B	false	196	196	0	0	none
H0232	0	A	false	220	220	0	0	none
H0232	1	B	false	242	242	0	0	none
H0233	0	A	false	219	219	0	0	none
H0233	1	B	false	222	222	0	0	none
H0233	2	C	false	217	217	0	0	none
H0236	0	A	false	413	413	0	0	none
H0236	1	B	false	115	115	0	0	none
H0244	0	A	false	157	157	0	0	none
H0244	1	B	false	129	129	0	0	none
H0244	2	C	false	139	139	0	0	none
H0245	0	A	false	183	183	0	0	none
H0245	1	B	false	134	134	0	0	none
H0258	0	A	true	2562	2535	27	0	trim_n:MGSDYKDHDGDYKDHDIDYKDDDDKLG
H0258	1	B	true	265	247	18	0	trim_n:MGSHHHHHHSGENLYFQG
H0265	0	A	false	150	150	0	0	none
H0265	1	B	false	143	143	0	0	none
H0267	0	A	false	444	444	0	0	none
H0267	1	B	false	482	482	0	0	none
H0272	0	A	false	3696	3696	0	0	none
H0272	1	B	false	363	363	0	0	none
H0272	2	C	false	318	318	0	0	none
H0272	3	D	false	289	289	0	0	none
H0272	4	E	false	291	291	0	0	none
H0272	5	F	false	624	624	0	0	none
H0272	6	G	true	242	202	0	40	trim_c_low_complexity:40
H0272	7	H	false	818	818	0	0	none
H0272	8	I	true	238	198	40	0	trim_n_low_complexity:40
H1202	0	A,B	false	69	69	0	0	none
H1202	1	C,D	false	121	121	0	0	none
H1204	0	A,B	true	140	134	0	6	trim_c:HHHHHH
H1204	1	C,D	false	147	147	0	0	none
H1204	2	E,F	false	142	142	0	0	none
H1208	0	A	false	328	328	0	0	none
H1208	1	B	false	318	318	0	0	none
H1215	0	A	false	131	131	0	0	none
H1215	1	B	false	238	238	0	0	none
H1217	0	A	false	305	305	0	0	none
H1217	1	B	false	351	351	0	0	none
H1217	2	C	false	452	452	0	0	none
H1217	3	D	false	523	523	0	0	none
H1217	4	E	true	721	681	40	0	trim_n_low_complexity:40
H1217	5	F	false	587	587	0	0	none
H1222	0	A	false	41	41	0	0	none
H1222	1	B	false	224	224	0	0	none
H1222	2	C	false	220	220	0	0	none
H1223	0	A	false	41	41	0	0	none
H1223	1	B	false	229	229	0	0	none
H1223	2	C	false	216	216	0	0	none
H1225	0	A	false	41	41	0	0	none
H1225	1	B	false	227	227	0	0	none
H1225	2	C	false	215	215	0	0	none
H1227	0	A	false	427	427	0	0	none
H1227	1	B	false	877	877	0	0	none
H1229	0	A	false	788	788	0	0	none
H1229	1	B	false	199	199	0	0	none
H1230	0	A	false	788	788	0	0	none
H1230	1	B	false	196	196	0	0	none
H1232	0	A	false	220	220	0	0	none
H1232	1	B	false	242	242	0	0	none
H1233	0	A	false	219	219	0	0	none
H1233	1	B	false	222	222	0	0	none
H1233	2	C	false	217	217	0	0	none
H1236	0	A	false	413	413	0	0	none
H1236	1	B	false	115	115	0	0	none
H1244	0	A	false	157	157	0	0	none
H1244	1	B	false	129	129	0	0	none
H1244	2	C	false	139	139	0	0	none
H1245	0	A	false	183	183	0	0	none
H1245	1	B	false	134	134	0	0	none
H1258	0	A	true	2562	2535	27	0	trim_n:MGSDYKDHDGDYKDHDIDYKDDDDKLG
H1258	1	B	true	265	247	18	0	trim_n:MGSHHHHHHSGENLYFQG
H1265	0	A	false	150	150	0	0	none
H1265	1	B	false	143	143	0	0	none
H1267	0	A	false	444	444	0	0	none
H1267	1	B	false	482	482	0	0	none
H1272	0	A	false	3696	3696	0	0	none
H1272	1	B	false	363	363	0	0	none
H1272	2	C	false	318	318	0	0	none
H1272	3	D	false	289	289	0	0	none
H1272	4	E	false	291	291	0	0	none
H1272	5	F	false	624	624	0	0	none
H1272	6	G	true	242	202	0	40	trim_c_low_complexity:40
H1272	7	H	false	818	818	0	0	none
H1272	8	I	true	238	198	40	0	trim_n_low_complexity:40
T0206O	0	A	false	237	237	0	0	none
T0218O	0	A	false	1164	1164	0	0	none
T0234O	0	A	false	413	413	0	0	none
T0235O	0	A	false	115	115	0	0	none
T0237O	0	A	false	488	488	0	0	none
T0240O	0	A	true	653	624	29	0	trim_n_hydrophobic_leader:29
T0257O	0	A	false	1263	1263	0	0	none
T0259O	0	A	false	243	243	0	0	none
T0270O	0	A	false	437	437	0	0	none
T1201O	0	A,B	true	210	204	0	6	trim_c:HHHHHH
T1206O	0	A	false	237	237	0	0	none
T1218O	0	A	false	1164	1164	0	0	none
T1234O	0	A	false	413	413	0	0	none
T1235O	0	A	false	115	115	0	0	none
T1237O	0	A	false	488	488	0	0	none
T1240O	0	A	true	653	624	29	0	trim_n_hydrophobic_leader:29
T1249V1O	0	A,B,C	false	488	488	0	0	none
T1257O	0	A	false	1263	1263	0	0	none
T1259O	0	A	false	243	243	0	0	none
T1270O	0	A	false	437	437	0	0	none
T1292O	0	A,B	true	196	190	0	6	trim_c:HHHHHH
T1294V1O	0	A,B	false	214	214	0	0	none
T1295O	0	A,B,C,D,E,F,G,H	false	469	469	0	0	none
T1298O	0	A,B	false	342	342	0	0	none
