target_id	target_prefix	track	category	description	oligo_state	cancelled	input_status	rank_status	skip_reason	sequence_records	entity_count	chain_count	total_len	domain_count	domain_ids	pdb_ids	selected_pdb_id	reference_status	reference_path	rank_eligible	official_target_id	official_category	official_metric	sequence_lookup_id	official_scored_rows	all_group_count	server_group_count	all_best_group	all_best_score	server_best_group	server_best_score
T0206	T	protein_domain	prot_domains	Porcine astrovirus 4 capsid spike	UNK	false	ok	ranked		1	1	1	237	1	T1206-D1	9cp0	9cp0	available	/scratch/10992/liaorunlong93/casp16-leaderboard/data/official/references/mmcif/9cp0.cif	true	T0206	prot_domains	GDT_TS	T0206	364	76	32	304s	0.996700	304s	0.996700
T0218	T	protein_domain	prot_domains	Cry26Aa	UNK	false	ok	ranked	no_reference_pdb	1	1	1	1164	3	T1218-D1,T1218-D2,T1218-D3			no_reference_pdb		true	T0218	prot_domains	GDT_TS	T0218	888	63	27	388s	0.975800	388s	0.975800
T0234	T	protein_domain	prot_domains	YP_010355913.1	UNK	false	ok	ranked		1	1	1	413	1	T1234-D1	8qpq	8qpq	available	/scratch/10992/liaorunlong93/casp16-leaderboard/data/official/references/mmcif/8qpq.cif	true	T0234	prot_domains	GDT_TS	T0234	330	69	28	022	0.992700	110s	0.990000
T0235	T	protein_domain	prot_domains	A0A410N6V5.2	UNK	false	ok	ranked		1	1	1	115	1	T1235-D1	8qpq	8qpq	available	/scratch/10992/liaorunlong93/casp16-leaderboard/data/official/references/mmcif/8qpq.cif	true	T0235	prot_domains	GDT_TS	T0235	336	70	29	051	0.997600	423s	0.990600
T0237	T	protein_domain	prot_domains	Bd3071	UNK	false	ok	ranked	no_reference_pdb	1	1	1	488	1	T1237-D1			no_reference_pdb		true	T0237	prot_domains	GDT_TS	T0237	342	74	31	304s	0.944500	304s	0.944500
T0240	T	protein_domain	prot_domains	Bd3442	UNK	false	ok	ranked	no_reference_pdb	1	1	1	653	2	T1240-D1,T1240-D2			no_reference_pdb		true	T0240	prot_domains	GDT_TS	T0240	656	71	30	304s	0.997600	304s	0.997600
T0246	T	protein_domain	prot_domains	DcmC	UNK	false	ok	ranked	no_reference_pdb	1	1	1	168	1	T1246-D1			no_reference_pdb		true	T0246	prot_domains	GDT_TS	T0246	361	75	33	304s	0.976200	304s	0.976200
T0257	T	protein_domain	prot_domains	P13390	UNK	false	ok	ranked	no_reference_pdb	1	1	1	1263	1	T1257-D1			no_reference_pdb		true	T0257	prot_domains	GDT_TS	T0257	302	63	27	019s	0.893900	019s	0.893900
T0259	T	protein_domain	prot_domains	AZI86_00190	UNK	false	ok	ranked	no_reference_pdb	1	1	1	243	1	T1259-D1			no_reference_pdb		true	T0259	prot_domains	GDT_TS	T0259	341	70	31	286	0.977900	110s	0.976700
T0270	T	protein_domain	prot_domains	HtrA	UNK	false	ok	ranked	no_reference_pdb	1	1	1	437	2	T1270-D1,T1270-D2			no_reference_pdb		true	T0270	prot_domains	GDT_TS	T0270	700	73	31	425s	0.961900	425s	0.961900
T1201	T	protein_domain	prot_domains	Q9GZX9 8bwd	A2	false	ok	ranked		1	1	2	420	1	T1201-D1	8bwd	8bwd	available	/scratch/10992/liaorunlong93/casp16-leaderboard/data/official/references/mmcif/8bwd.cif	true	T1201	prot_domains	GDT_TS	T1201	438	90	35	241	0.945100	304s	0.945100
T1206	T	protein_domain	prot_domains	Porcine astrovirus 4 capsid spike	UNK	false	ok	ranked		1	1	1	237	1	T1206-D1	9cp0	9cp0	available	/scratch/10992/liaorunlong93/casp16-leaderboard/data/official/references/mmcif/9cp0.cif	true	T1206	prot_domains	GDT_TS	T1206	405	82	34	167	0.996700	450s	0.996700
T1207	T	protein_domain	prot_domains	Q9YLS4, 2A protein part of viral polyprotein	A1	false	ok	ranked	no_reference_pdb	1	1	1	144	1	T1207-D1			no_reference_pdb		true	T1207	prot_domains	GDT_TS	T1207	336	70	29	465	0.877000	456s	0.856600
T1210	T	protein_domain	prot_domains	Q868N5 9enr	A1	false	ok	ranked		1	1	1	1770	1	T1210-D1	9enr	9enr	available	/scratch/10992/liaorunlong93/casp16-leaderboard/data/official/references/mmcif/9enr.cif	true	T1210	prot_domains	GDT_TS	T1210	308	63	28	369	0.737800	052s	0.727100
T1212	T	protein_domain	prot_domains	Fanzor2 ternary structure 9b0l  protein subunit of M1212	A1	false	skipped	ranked	ambiguous_oligo_state:A1:records=2	2	0	0	0	1	T1212-D1	9b0l	9b0l	available	/scratch/10992/liaorunlong93/casp16-leaderboard/data/official/references/mmcif/9b0l.cif	true	T1212	prot_domains	GDT_TS	T1212	347	73	31	481	0.920600	052s	0.916300
T1218	T	protein_domain	prot_domains	Cry26Aa	UNK	false	ok	ranked	no_reference_pdb	1	1	1	1164	3	T1218-D1,T1218-D2,T1218-D3			no_reference_pdb		true	T1218	prot_domains	GDT_TS	T1218	1146	80	29	015	0.964500	314s	0.959000
T1226	T	protein_domain	prot_domains	TuAsV-2A3 (part of polyprotein)	A1	false	ok	ranked	no_reference_pdb	1	1	1	123	1	T1226-D1			no_reference_pdb		true	T1226	prot_domains	GDT_TS	T1226	313	62	28	294	0.725400	267s	0.723400
T1228V1	T	protein_domain	prot_domains	SPbeta_int_DNA   protein subunit of M1228v1	A1	false	ok	ranked	no_reference_pdb	1	1	1	121	4	T1228V1-D1,T1228V1-D2,T1228V1-D3,T1228V1-D4			no_reference_pdb		true	T1228V1	prot_domains	GDT_TS	T1228V1	1352	69	28	051	0.964800	331s	0.964800
T1228V2	T	protein_domain	prot_domains	SPbeta_int_DNA   protein subunit of M1228v2	A1	false	skipped	ranked	no_sequence_record	0	0	0	0	4	T1228V2-D1,T1228V2-D2,T1228V2-D3,T1228V2-D4			no_reference_pdb		true	T1228V2	prot_domains	GDT_TS	T1228V2	1352	69	28	475s	0.975900	475s	0.975900
T1231	T	protein_domain	prot_domains	A0A0E4G3H6	A1	false	ok	ranked	no_reference_pdb	1	1	1	142	1	T1231-D1			no_reference_pdb		true	T1231	prot_domains	GDT_TS	T1231	326	65	28	264	0.982400	148s	0.982400
T1234	T	protein_domain	prot_domains	YP_010355913.1	UNK	false	ok	ranked		1	1	1	413	1	T1234-D1	8qpq	8qpq	available	/scratch/10992/liaorunlong93/casp16-leaderboard/data/official/references/mmcif/8qpq.cif	true	T1234	prot_domains	GDT_TS	T1234	406	84	33	022	0.990700	456s	0.990700
T1235	T	protein_domain	prot_domains	A0A410N6V5.2	UNK	false	ok	ranked		1	1	1	115	1	T1235-D1	8qpq	8qpq	available	/scratch/10992/liaorunlong93/casp16-leaderboard/data/official/references/mmcif/8qpq.cif	true	T1235	prot_domains	GDT_TS	T1235	406	83	32	425s	0.997600	425s	0.997600
T1237	T	protein_domain	prot_domains	Bd3071	UNK	false	ok	ranked	no_reference_pdb	1	1	1	488	1	T1237-D1			no_reference_pdb		true	T1237	prot_domains	GDT_TS	T1237	389	80	30	287	0.937800	110s	0.932000
T1239V1	T	protein_domain	prot_domains	SPbeta_intRDF_DNA 9dxd  protein subunit of M1239v1	A1	false	ok	ranked		1	1	1	141	4	T1239V1-D1,T1239V1-D2,T1239V1-D3,T1239V1-D4	9dxd	9dxd	available	/scratch/10992/liaorunlong93/casp16-leaderboard/data/official/references/mmcif/9dxd.cif	true	T1239V1	prot_domains	GDT_TS	T1239V1	1328	70	25	241	0.977800	304s	0.977800
T1239V2	T	protein_domain	prot_domains	SPbeta_intRDF_DNA 9dxd  protein subunit of M1239v2	A1	false	skipped	ranked	no_sequence_record	0	0	0	0	4	T1239V2-D1,T1239V2-D2,T1239V2-D3,T1239V2-D4	9dxd	9dxd	available	/scratch/10992/liaorunlong93/casp16-leaderboard/data/official/references/mmcif/9dxd.cif	true	T1239V2	prot_domains	GDT_TS	T1239V2	1380	71	28	204	0.977800	331s	0.975900
T1240	T	protein_domain	prot_domains	Bd3442	UNK	false	ok	ranked	no_reference_pdb	1	1	1	653	2	T1240-D1,T1240-D2			no_reference_pdb		true	T1240	prot_domains	GDT_TS	T1240	758	79	30	450s	0.997600	450s	0.997600
T1243	T	protein_domain	prot_domains	MTMA3 (UNIPROT ID: P0CH91)	A1	false	ok	ranked	no_reference_pdb	1	1	1	293	1	T1243-D1			no_reference_pdb		true	T1243	prot_domains	GDT_TS	T1243	323	66	28	163s	0.887200	163s	0.887200
T1246	T	protein_domain	prot_domains	DcmC	UNK	false	ok	ranked	no_reference_pdb	1	1	1	168	1	T1246-D1			no_reference_pdb		true	T1246	prot_domains	GDT_TS	T1246	324	63	29	022	0.971700	314s	0.965800
T1249V1	T	protein_domain	prot_domains	Arenaviral spike complex 9fya	A3	false	ok	ranked		1	1	3	1464	1	T1249V1-D1	9fya	9fya	available	/scratch/10992/liaorunlong93/casp16-leaderboard/data/official/references/mmcif/9fya.cif	true	T1249V1	prot_domains	GDT_TS	T1249V1	392	83	33	397	0.914300	450s	0.912000
T1257	T	protein_domain	prot_domains	P13390	UNK	false	ok	ranked	no_reference_pdb	1	1	1	1263	1	T1257-D1			no_reference_pdb		true	T1257	prot_domains	GDT_TS	T1257	329	68	28	462	0.893900	147s	0.893900
T1259	T	protein_domain	prot_domains	AZI86_00190	UNK	false	ok	ranked	no_reference_pdb	1	1	1	243	1	T1259-D1			no_reference_pdb		true	T1259	prot_domains	GDT_TS	T1259	420	86	33	028s	0.979200	028s	0.979200
T1266	T	protein_domain	prot_domains	Q99549  8qfb	A1	false	ok	ranked		1	1	1	336	1	T1266-D1	8qfb	8qfb	available	/scratch/10992/liaorunlong93/casp16-leaderboard/data/official/references/mmcif/8qfb.cif	true	T1266	prot_domains	GDT_TS	T1266	314	62	27	015	0.924600	163s	0.920300
T1269	T	protein_domain	prot_domains	MUC5AC uniprot P98088 9gvq	A1	false	ok	ranked		1	1	1	1410	3	T1269-D1,T1269-D2,T1269-D3	9gvq	9gvq	available	/scratch/10992/liaorunlong93/casp16-leaderboard/data/official/references/mmcif/9gvq.cif	true	T1269	prot_domains	GDT_TS	T1269	924	61	28	163s	0.903300	163s	0.903300
T1270	T	protein_domain	prot_domains	HtrA	UNK	false	ok	ranked	no_reference_pdb	1	1	1	437	2	T1270-D1,T1270-D2			no_reference_pdb		true	T1270	prot_domains	GDT_TS	T1270	756	77	29	241	0.964300	312s	0.961900
T1274	T	protein_domain	prot_domains	CAB14884.3	A1	false	ok	ranked	no_reference_pdb	1	1	1	167	1	T1274-D1			no_reference_pdb		true	T1274	prot_domains	GDT_TS	T1274	314	62	28	287	0.997200	304s	0.997200
T1276	T	protein_domain	prot_domains	One domain of  A0A026WM60_OOCBI in complex with 33mer ssDNA	A1	false	ok	ranked	no_reference_pdb	1	1	1	40	1	T1276-D1			no_reference_pdb		true	T1276	prot_domains	GDT_TS	T1276	366	72	29	287	0.983300	314s	0.982000
T1278	T	protein_domain	prot_domains	Dehydrogenase	A1	false	ok	ranked	no_reference_pdb	1	1	1	380	1	T1278-D1			no_reference_pdb		true	T1278	prot_domains	GDT_TS	T1278	313	62	27	304s	0.995600	304s	0.995600
T1279	T	protein_domain	prot_domains	Bd1369	An	false	ok	ranked	no_reference_pdb	1	1	1	428	2	T1279-D1,T1279-D2			no_reference_pdb		true	T1279	prot_domains	GDT_TS	T1279	564	57	26	267s	0.991700	267s	0.991700
T1280	T	protein_domain	prot_domains	C-terminal domain of bacteriophage K gp155 9f5m	A1	false	ok	ranked		1	1	1	237	1	T1280-D1	9f5m	9f5m	available	/scratch/10992/liaorunlong93/casp16-leaderboard/data/official/references/mmcif/9f5m.cif	true	T1280	prot_domains	GDT_TS	T1280	304	60	26	079s	0.989300	079s	0.989300
T1284	T	protein_domain	prot_domains	gp62	A1	false	ok	ranked	no_reference_pdb	1	1	1	120	1	T1284-D1			no_reference_pdb		true	T1284	prot_domains	GDT_TS	T1284	314	61	27	015	0.930700	425s	0.884400
T1292	T	protein_domain	prot_domains	isocyanide hydratase-like iron binding protein	A2	false	ok	ranked	no_reference_pdb	1	1	2	392	1	T1292-D1			no_reference_pdb		true	T1292	prot_domains	GDT_TS	T1292	344	70	32	198s	1.000000	198s	1.000000
T1294V1	T	protein_domain	prot_domains	Isocyanide hydratase	A2	false	ok	ranked	no_reference_pdb	1	1	2	428	1	T1294V1-D1			no_reference_pdb		true	T1294V1	prot_domains	GDT_TS	T1294V1	338	68	30	051	0.994000	331s	0.994000
T1294V2	T	protein_domain	prot_domains	Isocyanide hydratase	A2	false	skipped	ranked	no_sequence_record	0	0	0	0	1	T1294V2-D1			no_reference_pdb		true	T1294V2	prot_domains	GDT_TS	T1294V2	312	62	27	331s	0.997600	331s	0.997600
T1295	T	protein_domain	prot_domains	TM_Ag	A8	false	ok	ranked	no_reference_pdb	1	1	8	3752	3	T1295-D1,T1295-D2,T1295-D3			no_reference_pdb		true	T1295	prot_domains	GDT_TS	T1295	861	61	27	269s	0.967400	269s	0.967400
T1298	T	protein_domain	prot_domains	Cyclic nucleotide-binding protein  9sfa	A2	false	ok	ranked		1	1	2	684	2	T1298-D1,T1298-D2	9sfa	9sfa	available	/scratch/10992/liaorunlong93/casp16-leaderboard/data/official/references/mmcif/9sfa.cif	true	T1298	prot_domains	GDT_TS	T1298	742	74	31	489	0.932100	145s	0.919700
T1299	T	protein_domain	prot_domains	9FJL 9fjl	A1	false	ok	ranked		1	1	1	168	1	T1299-D1	9fjl	9fjl	available	/scratch/10992/liaorunlong93/casp16-leaderboard/data/official/references/mmcif/9fjl.cif	true	T1299	prot_domains	GDT_TS	T1299	288	56	27	015	0.979200	145s	0.968800
T2201	T	protein_domain	prot_domains	Q9GZX9 8bwd	A2	false	ok	ranked		1	1	2	420	1	T1201-D1	8bwd	8bwd	available	/scratch/10992/liaorunlong93/casp16-leaderboard/data/official/references/mmcif/8bwd.cif	true	T2201	prot_domains	GDT_TS	T2201	353	72	28	314s	0.946700	314s	0.946700
T2206	T	protein_domain	prot_domains	Porcine astrovirus 4 capsid spike	UNK	false	ok	ranked		1	1	1	237	1	T1206-D1	9cp0	9cp0	available	/scratch/10992/liaorunlong93/casp16-leaderboard/data/official/references/mmcif/9cp0.cif	true	T2206	prot_domains	GDT_TS	T2206	359	73	27	218	0.997800	208s	0.997800
T2207	T	protein_domain	prot_domains	Q9YLS4, 2A protein part of viral polyprotein	A1	false	ok	ranked	no_reference_pdb	1	1	1	144	1	T1207-D1			no_reference_pdb		true	T2207	prot_domains	GDT_TS	T2207	284	58	26	267s	0.873000	267s	0.873000
T2210	T	protein_domain	prot_domains	Q868N5 9enr	A1	false	ok	ranked		1	1	1	1770	1	T1210-D1	9enr	9enr	available	/scratch/10992/liaorunlong93/casp16-leaderboard/data/official/references/mmcif/9enr.cif	true	T2210	prot_domains	GDT_TS	T2210	279	56	25	052s	0.727100	052s	0.727100
T2218	T	protein_domain	prot_domains	Cry26Aa	UNK	false	ok	ranked	no_reference_pdb	1	1	1	1164	3	T1218-D1,T1218-D2,T1218-D3			no_reference_pdb		true	T2218	prot_domains	GDT_TS	T2218	1011	70	26	462	0.962700	147s	0.960800
T2226	T	protein_domain	prot_domains	TuAsV-2A3 (part of polyprotein)	A1	false	ok	ranked	no_reference_pdb	1	1	1	123	1	T1226-D1			no_reference_pdb		true	T2226	prot_domains	GDT_TS	T2226	270	53	24	294	0.725400	267s	0.725400
T2231	T	protein_domain	prot_domains	A0A0E4G3H6	A1	false	ok	ranked	no_reference_pdb	1	1	1	142	1	T1231-D1			no_reference_pdb		true	T2231	prot_domains	GDT_TS	T2231	290	57	25	375s	0.982400	375s	0.982400
T2234	T	protein_domain	prot_domains	YP_010355913.1	UNK	false	ok	ranked		1	1	1	413	1	T1234-D1	8qpq	8qpq	available	/scratch/10992/liaorunlong93/casp16-leaderboard/data/official/references/mmcif/8qpq.cif	true	T2234	prot_domains	GDT_TS	T2234	350	71	25	456s	0.990700	456s	0.990700
T2235	T	protein_domain	prot_domains	A0A410N6V5.2	UNK	false	ok	ranked		1	1	1	115	1	T1235-D1	8qpq	8qpq	available	/scratch/10992/liaorunlong93/casp16-leaderboard/data/official/references/mmcif/8qpq.cif	true	T2235	prot_domains	GDT_TS	T2235	355	72	25	171	0.997600	163s	0.997600
T2237	T	protein_domain	prot_domains	Bd3071	UNK	false	ok	ranked	no_reference_pdb	1	1	1	488	1	T1237-D1			no_reference_pdb		true	T2237	prot_domains	GDT_TS	T2237	340	68	25	274	0.934100	028s	0.932000
T2240	T	protein_domain	prot_domains	Bd3442	UNK	false	ok	ranked	no_reference_pdb	1	1	1	653	2	T1240-D1,T1240-D2			no_reference_pdb		true	T2240	prot_domains	GDT_TS	T2240	686	70	25	375s	0.997600	375s	0.997600
T2243	T	protein_domain	prot_domains	MTMA3 (UNIPROT ID: P0CH91)	A1	false	ok	ranked	no_reference_pdb	1	1	1	293	1	T1243-D1			no_reference_pdb		true	T2243	prot_domains	GDT_TS	T2243	285	56	25	015	0.900400	145s	0.886300
T2246	T	protein_domain	prot_domains	DcmC	UNK	false	ok	ranked	no_reference_pdb	1	1	1	168	1	T1246-D1			no_reference_pdb		true	T2246	prot_domains	GDT_TS	T2246	284	56	25	022	0.971700	312s	0.965800
T2249V1	T	protein_domain	prot_domains	Arenaviral spike complex 9fya	A3	false	ok	ranked		1	1	3	1464	1	T1249V1-D1	9fya	9fya	available	/scratch/10992/liaorunlong93/casp16-leaderboard/data/official/references/mmcif/9fya.cif	true	T2249V1	prot_domains	GDT_TS	T2249V1	310	62	25	465	0.912000	079s	0.900300
T2257	T	protein_domain	prot_domains	P13390	UNK	false	ok	ranked	no_reference_pdb	1	1	1	1263	1	T1257-D1			no_reference_pdb		true	T2257	prot_domains	GDT_TS	T2257	304	62	22	147s	0.893900	147s	0.893900
T2259	T	protein_domain	prot_domains	AZI86_00190	UNK	false	ok	ranked	no_reference_pdb	1	1	1	243	1	T1259-D1			no_reference_pdb		true	T2259	prot_domains	GDT_TS	T2259	323	66	23	019s	0.979200	019s	0.979200
T2266	T	protein_domain	prot_domains	Q99549  8qfb	A1	false	ok	ranked		1	1	1	336	1	T1266-D1	8qfb	8qfb	available	/scratch/10992/liaorunlong93/casp16-leaderboard/data/official/references/mmcif/8qfb.cif	true	T2266	prot_domains	GDT_TS	T2266	288	57	25	269s	0.916100	269s	0.916100
T2269	T	protein_domain	prot_domains	MUC5AC uniprot P98088 9gvq	A1	false	ok	ranked		1	1	1	1410	3	T1269-D1,T1269-D2,T1269-D3	9gvq	9gvq	available	/scratch/10992/liaorunlong93/casp16-leaderboard/data/official/references/mmcif/9gvq.cif	true	T2269	prot_domains	GDT_TS	T2269	804	53	25	051	0.906200	145s	0.899000
T2270	T	protein_domain	prot_domains	HtrA	UNK	false	ok	ranked	no_reference_pdb	1	1	1	437	2	T1270-D1,T1270-D2			no_reference_pdb		true	T2270	prot_domains	GDT_TS	T2270	668	67	24	164	0.965500	208s	0.960700
T2274	T	protein_domain	prot_domains	CAB14884.3	A1	false	ok	ranked	no_reference_pdb	1	1	1	167	1	T1274-D1			no_reference_pdb		true	T2274	prot_domains	GDT_TS	T2274	276	56	25	465	0.997200	304s	0.997200
T2276	T	protein_domain	prot_domains	One domain of  A0A026WM60_OOCBI in complex with 33mer ssDNA	A1	false	ok	ranked	no_reference_pdb	1	1	1	40	1	T1276-D1			no_reference_pdb		true	T2276	prot_domains	GDT_TS	T2276	277	54	24	345	0.983300	208s	0.971700
T2278	T	protein_domain	prot_domains	Dehydrogenase	A1	false	ok	ranked	no_reference_pdb	1	1	1	380	1	T1278-D1			no_reference_pdb		true	T2278	prot_domains	GDT_TS	T2278	265	52	22	208s	0.995600	208s	0.995600
T2279	T	protein_domain	prot_domains	Bd1369	An	false	ok	ranked	no_reference_pdb	1	1	1	428	2	T1279-D1,T1279-D2			no_reference_pdb		true	T2279	prot_domains	GDT_TS	T2279	490	48	20	019s	0.991700	019s	0.991700
T2280	T	protein_domain	prot_domains	C-terminal domain of bacteriophage K gp155 9f5m	A1	false	ok	ranked		1	1	1	237	1	T1280-D1	9f5m	9f5m	available	/scratch/10992/liaorunlong93/casp16-leaderboard/data/official/references/mmcif/9f5m.cif	true	T2280	prot_domains	GDT_TS	T2280	266	52	23	462	0.989300	147s	0.989300
T2284	T	protein_domain	prot_domains	gp62	A1	false	ok	ranked	no_reference_pdb	1	1	1	120	1	T1284-D1			no_reference_pdb		true	T2284	prot_domains	GDT_TS	T2284	261	51	23	465	0.937000	450s	0.907600
H0208	H	protein_oligo	prot_oligo	dahAB	UNK	false	ok	ranked	no_reference_pdb	2	2	2	646	0				no_reference_pdb		true	H0208	prot_oligo	QSglob	H0208	315	64	27	397	0.908000	079s	0.897000
H0215	H	protein_oligo	prot_oligo	mNeonGreen with bound nanobody	UNK	false	ok	ranked	no_reference_pdb	2	2	2	369	0				no_reference_pdb		true	H0215	prot_oligo	QSglob	H0215	313	65	27	147s	0.946000	147s	0.946000
H0217	H	protein_oligo	prot_oligo	AcP10_eIF2B_complex	UNK	false	ok	ranked	no_reference_pdb	6	6	6	2939	0				no_reference_pdb		true	H0217	prot_oligo	QSglob	H0217	254	52	23	494	0.818000	456s	0.817000
H0220	H	protein_oligo	prot_oligo	BoDV-1 Replication complex	UNK	false	ok	ranked		2	2	2	434	0		9h1g	9h1g	available	/scratch/10992/liaorunlong93/casp16-leaderboard/data/official/references/mmcif/9h1g.cif	true	H0220	prot_oligo	QSglob	H0220	281	58	24	015	0.448000	208s	0.413000
H0222	H	protein_oligo	prot_oligo	RSV G - Fab 2B11 complex	UNK	false	ok	ranked		3	3	3	485	0		2b11,9cqd	9cqd	available	/scratch/10992/liaorunlong93/casp16-leaderboard/data/official/references/mmcif/9cqd.cif	true	H0222	prot_oligo	QSglob	H0222	302	62	26	294	0.820000	425s	0.780000
H0223	H	protein_oligo	prot_oligo	RSV G - Fab 1G8 complex	UNK	false	ok	ranked		3	3	3	486	0		9cqb	9cqb	available	/scratch/10992/liaorunlong93/casp16-leaderboard/data/official/references/mmcif/9cqb.cif	true	H0223	prot_oligo	QSglob	H0223	308	63	27	274	0.890000	388s	0.738000
H0225	H	protein_oligo	prot_oligo	RSV G - Fab 1G1 complex	UNK	false	ok	ranked		3	3	3	483	0		9cqa	9cqa	available	/scratch/10992/liaorunlong93/casp16-leaderboard/data/official/references/mmcif/9cqa.cif	true	H0225	prot_oligo	QSglob	H0225	310	63	27	059	0.589000	450s	0.584000
H0227	H	protein_oligo	prot_oligo	LetA (P0AD03) and LetB (P76272)	UNK	false	ok	ranked		2	2	2	1304	0		9n8w	9n8w	available	/scratch/10992/liaorunlong93/casp16-leaderboard/data/official/references/mmcif/9n8w.cif	true	H0227	prot_oligo	QSglob	H0227	259	55	25	322	0.322000	219s	0.322000
H0229	H	protein_oligo	prot_oligo	ORF61/A3A	UNK	false	ok	ranked	no_reference_pdb	2	2	2	987	0				no_reference_pdb		true	H0229	prot_oligo	QSglob	H0229	298	63	27	475s	0.739000	475s	0.739000
H0230	H	protein_oligo	prot_oligo	ORF61/A3B	UNK	false	ok	ranked	no_reference_pdb	2	2	2	984	0				no_reference_pdb		true	H0230	prot_oligo	QSglob	H0230	293	63	27	375s	0.892000	375s	0.892000
H0232	H	protein_oligo	prot_oligo	Human astrovirus 2 capsid spike - antibody scFv 4B6 complex	UNK	false	ok	ranked		2	2	2	462	0		9cn2	9cn2	available	/scratch/10992/liaorunlong93/casp16-leaderboard/data/official/references/mmcif/9cn2.cif	true	H0232	prot_oligo	QSglob	H0232	291	60	26	219s	0.910000	219s	0.910000
H0233	H	protein_oligo	prot_oligo	Human astrovirus 1 capsid spike - antibody Fab 3H4 complex	UNK	false	ok	ranked		3	3	3	658	0		9cbn	9cbn	available	/scratch/10992/liaorunlong93/casp16-leaderboard/data/official/references/mmcif/9cbn.cif	true	H0233	prot_oligo	QSglob	H0233	292	60	27	294	0.682000	425s	0.659000
H0236	H	protein_oligo	prot_oligo	Haloferax tailed virus 1	UNK	false	ok	ranked		2	2	2	528	0		8qpq	8qpq	available	/scratch/10992/liaorunlong93/casp16-leaderboard/data/official/references/mmcif/8qpq.cif	true	H0236	prot_oligo	QSglob	H0236	291	59	26	294	0.649000	219s	0.557000
H0244	H	protein_oligo	prot_oligo	BJCNb48	UNK	false	ok	ranked	no_reference_pdb	3	3	3	425	0				no_reference_pdb		true	H0244	prot_oligo	QSglob	H0244	287	59	26	022	0.771000	388s	0.763000
H0245	H	protein_oligo	prot_oligo	FUNcomplex	UNK	false	ok	ranked	no_reference_pdb	2	2	2	317	0				no_reference_pdb		true	H0245	prot_oligo	QSglob	H0245	309	64	27	345	0.946000	331s	0.940000
H0258	H	protein_oligo	prot_oligo	LRRK2/14-3-3 complex	UNK	false	ok	ranked		2	2	2	2827	0		9ci3	9ci3	available	/scratch/10992/liaorunlong93/casp16-leaderboard/data/official/references/mmcif/9ci3.cif	true	H0258	prot_oligo	QSglob	H0258	264	55	22	219s	0.705000	219s	0.705000
H0265	H	protein_oligo	prot_oligo	TLR4 TIR domain (O00206) : MAL TIR domain (P58753) complex	UNK	false	ok	ranked	no_reference_pdb	2	2	2	293	0				no_reference_pdb		true	H0265	prot_oligo	QSglob	H0265	307	62	27	014	0.208000	456s	0.098000
H0267	H	protein_oligo	prot_oligo	XauSPARDA	UNK	false	ok	ranked	no_reference_pdb	2	2	2	926	0				no_reference_pdb		true	H0267	prot_oligo	QSglob	H0267	294	60	27	014	0.644000	163s	0.613000
H0272	H	protein_oligo	prot_oligo	dystrophin-glycoprotein complex (DGC) 9c3c	UNK	false	ok	ranked		9	9	9	6879	0		9c3c	9c3c	available	/scratch/10992/liaorunlong93/casp16-leaderboard/data/official/references/mmcif/9c3c.cif	true	H0272	prot_oligo	QSglob	H0272	184	43	18	294	0.731000	388s	0.704000
H1202	H	protein_oligo	prot_oligo	Q9GZX9_plus_P43026 8bwl	A2B2	false	ok	ranked		2	2	4	380	0		8bwl	8bwl	available	/scratch/10992/liaorunlong93/casp16-leaderboard/data/official/references/mmcif/8bwl.cif	true	H1202	prot_oligo	QSglob	H1202	375	77	31	475s	0.938000	475s	0.938000
H1204	H	protein_oligo	prot_oligo	Human hemoglobin in complex with nanobody 8vyl	A2B2C2	false	ok	ranked		3	3	6	858	0		8vyl	8vyl	available	/scratch/10992/liaorunlong93/casp16-leaderboard/data/official/references/mmcif/8vyl.cif	true	H1204	prot_oligo	QSglob	H1204	367	74	31	274	0.842000	208s	0.636000
H1208	H	protein_oligo	prot_oligo	dahAB	UNK	false	ok	ranked	no_reference_pdb	2	2	2	646	0				no_reference_pdb		true	H1208	prot_oligo	QSglob	H1208	370	75	28	393	0.908000	312s	0.894000
H1213	H	protein_oligo	prot_oligo	DP71_eIF2_PP1_complex   <em><font color=red>Canceled - released with wrong sequence.</font></em>	UNK	true	skipped	ranked	cancelled_target	5	0	0	0	0		9nb9	9nb9	available	/scratch/10992/liaorunlong93/casp16-leaderboard/data/official/references/mmcif/9nb9.cif	true	H1213	prot_oligo	QSglob	H1213	352	72	27	196	0.879000	110s	0.876000
H1215	H	protein_oligo	prot_oligo	mNeonGreen with bound nanobody	UNK	false	ok	ranked	no_reference_pdb	2	2	2	369	0				no_reference_pdb		true	H1215	prot_oligo	QSglob	H1215	374	76	30	147s	0.946000	147s	0.946000
H1217	H	protein_oligo	prot_oligo	AcP10_eIF2B_complex	UNK	false	ok	ranked	no_reference_pdb	6	6	6	2939	0				no_reference_pdb		true	H1217	prot_oligo	QSglob	H1217	319	67	26	494	0.818000	312s	0.777000
H1220	H	protein_oligo	prot_oligo	BoDV-1 Replication complex	UNK	false	ok	ranked		2	2	2	434	0		9h1g	9h1g	available	/scratch/10992/liaorunlong93/casp16-leaderboard/data/official/references/mmcif/9h1g.cif	true	H1220	prot_oligo	QSglob	H1220	353	71	26	022	0.723000	456s	0.721000
H1222	H	protein_oligo	prot_oligo	RSV G - Fab 2B11 complex	UNK	false	ok	ranked		3	3	3	485	0		2b11,9cqd	9cqd	available	/scratch/10992/liaorunlong93/casp16-leaderboard/data/official/references/mmcif/9cqd.cif	true	H1222	prot_oligo	QSglob	H1222	376	76	29	294	0.820000	219s	0.818000
H1223	H	protein_oligo	prot_oligo	RSV G - Fab 1G8 complex	UNK	false	ok	ranked		3	3	3	486	0		9cqb	9cqb	available	/scratch/10992/liaorunlong93/casp16-leaderboard/data/official/references/mmcif/9cqb.cif	true	H1223	prot_oligo	QSglob	H1223	373	75	29	494	0.896000	388s	0.884000
H1225	H	protein_oligo	prot_oligo	RSV G - Fab 1G1 complex	UNK	false	ok	ranked		3	3	3	483	0		9cqa	9cqa	available	/scratch/10992/liaorunlong93/casp16-leaderboard/data/official/references/mmcif/9cqa.cif	true	H1225	prot_oligo	QSglob	H1225	377	76	29	059	0.596000	388s	0.589000
H1227	H	protein_oligo	prot_oligo	LetA (P0AD03) and LetB (P76272)	UNK	false	ok	ranked		2	2	2	1304	0		9n8w	9n8w	available	/scratch/10992/liaorunlong93/casp16-leaderboard/data/official/references/mmcif/9n8w.cif	true	H1227	prot_oligo	QSglob	H1227	286	64	23	456s	0.506000	456s	0.506000
H1229	H	protein_oligo	prot_oligo	ORF61/A3A	UNK	false	ok	ranked	no_reference_pdb	2	2	2	987	0				no_reference_pdb		true	H1229	prot_oligo	QSglob	H1229	358	74	29	052s	0.783000	052s	0.783000
H1230	H	protein_oligo	prot_oligo	ORF61/A3B	UNK	false	ok	ranked	no_reference_pdb	2	2	2	984	0				no_reference_pdb		true	H1230	prot_oligo	QSglob	H1230	370	76	29	290	0.943000	208s	0.885000
H1232	H	protein_oligo	prot_oligo	Human astrovirus 2 capsid spike - antibody scFv 4B6 complex	UNK	false	ok	ranked		2	2	2	462	0		9cn2	9cn2	available	/scratch/10992/liaorunlong93/casp16-leaderboard/data/official/references/mmcif/9cn2.cif	true	H1232	prot_oligo	QSglob	H1232	363	72	29	397	0.840000	208s	0.528000
H1233	H	protein_oligo	prot_oligo	Human astrovirus 1 capsid spike - antibody Fab 3H4 complex	UNK	false	ok	ranked		3	3	3	658	0		9cbn	9cbn	available	/scratch/10992/liaorunlong93/casp16-leaderboard/data/official/references/mmcif/9cbn.cif	true	H1233	prot_oligo	QSglob	H1233	343	70	27	148s	0.684000	148s	0.684000
H1236	H	protein_oligo	prot_oligo	Haloferax tailed virus 1	UNK	false	ok	ranked		2	2	2	528	0		8qpq	8qpq	available	/scratch/10992/liaorunlong93/casp16-leaderboard/data/official/references/mmcif/8qpq.cif	true	H1236	prot_oligo	QSglob	H1236	347	70	25	267s	0.686000	267s	0.686000
H1244	H	protein_oligo	prot_oligo	BJCNb48	UNK	false	ok	ranked	no_reference_pdb	3	3	3	425	0				no_reference_pdb		true	H1244	prot_oligo	QSglob	H1244	360	73	26	267s	0.768000	267s	0.768000
H1245	H	protein_oligo	prot_oligo	FUNcomplex	UNK	false	ok	ranked	no_reference_pdb	2	2	2	317	0				no_reference_pdb		true	H1245	prot_oligo	QSglob	H1245	372	75	29	331s	0.946000	331s	0.946000
H1258	H	protein_oligo	prot_oligo	LRRK2/14-3-3 complex	UNK	false	ok	ranked		2	2	2	2827	0		9ci3	9ci3	available	/scratch/10992/liaorunlong93/casp16-leaderboard/data/official/references/mmcif/9ci3.cif	true	H1258	prot_oligo	QSglob	H1258	317	64	26	059	0.702000	456s	0.697000
H1265	H	protein_oligo	prot_oligo	TLR4 TIR domain (O00206) : MAL TIR domain (P58753) complex	UNK	false	ok	ranked	no_reference_pdb	2	2	2	293	0				no_reference_pdb		true	H1265	prot_oligo	QSglob	H1265	299	60	26	369	0.511000	375s	0.488000
H1265_V1	H	protein_oligo	prot_oligo			false	skipped	ranked	no_sequence_record	0	0	0	0	0				no_reference_pdb		true	H1265_V1	prot_oligo	QSglob	H1265_V1	299	60	26	456s	0.102000	456s	0.102000
H1265_V2	H	protein_oligo	prot_oligo			false	skipped	ranked	no_sequence_record	0	0	0	0	0				no_reference_pdb		true	H1265_V2	prot_oligo	QSglob	H1265_V2	299	60	26	456s	0.562000	456s	0.562000
H1265_V3	H	protein_oligo	prot_oligo			false	skipped	ranked	no_sequence_record	0	0	0	0	0				no_reference_pdb		true	H1265_V3	prot_oligo	QSglob	H1265_V3	299	60	26	456s	0.097000	456s	0.097000
H1267	H	protein_oligo	prot_oligo	XauSPARDA	UNK	false	ok	ranked	no_reference_pdb	2	2	2	926	0				no_reference_pdb		true	H1267	prot_oligo	QSglob	H1267	366	73	26	290	0.823000	079s	0.818000
H1272	H	protein_oligo	prot_oligo	dystrophin-glycoprotein complex (DGC) 9c3c	UNK	false	ok	ranked		9	9	9	6879	0		9c3c	9c3c	available	/scratch/10992/liaorunlong93/casp16-leaderboard/data/official/references/mmcif/9c3c.cif	true	H1272	prot_oligo	QSglob	H1272	252	52	22	022	0.758000	267s	0.731000
H2202	H	protein_oligo	prot_oligo	Q9GZX9_plus_P43026 8bwl	A2B2	false	ok	ranked		2	2	4	380	0		8bwl	8bwl	available	/scratch/10992/liaorunlong93/casp16-leaderboard/data/official/references/mmcif/8bwl.cif	true	H2202	prot_oligo	QSglob	H2202	314	64	22	475s	0.937000	475s	0.937000
H2204	H	protein_oligo	prot_oligo	Human hemoglobin in complex with nanobody 8vyl	A2B2C2	false	ok	ranked		3	3	6	858	0		8vyl	8vyl	available	/scratch/10992/liaorunlong93/casp16-leaderboard/data/official/references/mmcif/8vyl.cif	true	H2204	prot_oligo	QSglob	H2204	310	62	23	267s	0.842000	267s	0.842000
H2208	H	protein_oligo	prot_oligo	dahAB	UNK	false	ok	ranked	no_reference_pdb	2	2	2	646	0				no_reference_pdb		true	H2208	prot_oligo	QSglob	H2208	311	64	23	059	0.905000	388s	0.905000
H2213	H	protein_oligo	prot_oligo	DP71_eIF2_PP1_complex   <em><font color=red>Canceled - released with wrong sequence.</font></em>	UNK	true	skipped	ranked	cancelled_target	5	0	0	0	0		9nb9	9nb9	available	/scratch/10992/liaorunlong93/casp16-leaderboard/data/official/references/mmcif/9nb9.cif	true	H2213	prot_oligo	QSglob	H2213	314	64	23	196	0.879000	079s	0.876000
H2215	H	protein_oligo	prot_oligo	mNeonGreen with bound nanobody	UNK	false	ok	ranked	no_reference_pdb	2	2	2	369	0				no_reference_pdb		true	H2215	prot_oligo	QSglob	H2215	320	65	23	456s	0.939000	456s	0.939000
H2217	H	protein_oligo	prot_oligo	AcP10_eIF2B_complex	UNK	false	ok	ranked	no_reference_pdb	6	6	6	2939	0				no_reference_pdb		true	H2217	prot_oligo	QSglob	H2217	275	58	21	122s	0.818000	122s	0.818000
H2220	H	protein_oligo	prot_oligo	BoDV-1 Replication complex	UNK	false	ok	ranked		2	2	2	434	0		9h1g	9h1g	available	/scratch/10992/liaorunlong93/casp16-leaderboard/data/official/references/mmcif/9h1g.cif	true	H2220	prot_oligo	QSglob	H2220	296	59	21	164	0.723000	163s	0.723000
H2222	H	protein_oligo	prot_oligo	RSV G - Fab 2B11 complex	UNK	false	ok	ranked		3	3	3	485	0		2b11,9cqd	9cqd	available	/scratch/10992/liaorunlong93/casp16-leaderboard/data/official/references/mmcif/9cqd.cif	true	H2222	prot_oligo	QSglob	H2222	300	61	22	294	0.820000	219s	0.818000
H2223	H	protein_oligo	prot_oligo	RSV G - Fab 1G8 complex	UNK	false	ok	ranked		3	3	3	486	0		9cqb	9cqb	available	/scratch/10992/liaorunlong93/casp16-leaderboard/data/official/references/mmcif/9cqb.cif	true	H2223	prot_oligo	QSglob	H2223	305	62	22	267s	0.896000	267s	0.896000
H2225	H	protein_oligo	prot_oligo	RSV G - Fab 1G1 complex	UNK	false	ok	ranked		3	3	3	483	0		9cqa	9cqa	available	/scratch/10992/liaorunlong93/casp16-leaderboard/data/official/references/mmcif/9cqa.cif	true	H2225	prot_oligo	QSglob	H2225	311	64	22	388s	0.589000	388s	0.589000
H2227	H	protein_oligo	prot_oligo	LetA (P0AD03) and LetB (P76272)	UNK	false	ok	ranked		2	2	2	1304	0		9n8w	9n8w	available	/scratch/10992/liaorunlong93/casp16-leaderboard/data/official/references/mmcif/9n8w.cif	true	H2227	prot_oligo	QSglob	H2227	280	57	21	241	0.858000	208s	0.845000
H2229	H	protein_oligo	prot_oligo	ORF61/A3A	UNK	false	ok	ranked	no_reference_pdb	2	2	2	987	0				no_reference_pdb		true	H2229	prot_oligo	QSglob	H2229	298	62	20	052s	0.783000	052s	0.783000
H2230	H	protein_oligo	prot_oligo	ORF61/A3B	UNK	false	ok	ranked	no_reference_pdb	2	2	2	984	0				no_reference_pdb		true	H2230	prot_oligo	QSglob	H2230	297	61	20	456s	0.885000	456s	0.885000
H2232	H	protein_oligo	prot_oligo	Human astrovirus 2 capsid spike - antibody scFv 4B6 complex	UNK	false	ok	ranked		2	2	2	462	0		9cn2	9cn2	available	/scratch/10992/liaorunlong93/casp16-leaderboard/data/official/references/mmcif/9cn2.cif	true	H2232	prot_oligo	QSglob	H2232	289	58	20	287	0.699000	208s	0.645000
H2233	H	protein_oligo	prot_oligo	Human astrovirus 1 capsid spike - antibody Fab 3H4 complex	UNK	false	ok	ranked		3	3	3	658	0		9cbn	9cbn	available	/scratch/10992/liaorunlong93/casp16-leaderboard/data/official/references/mmcif/9cbn.cif	true	H2233	prot_oligo	QSglob	H2233	297	60	21	274	0.667000	028s	0.659000
H2236	H	protein_oligo	prot_oligo	Haloferax tailed virus 1	UNK	false	ok	ranked		2	2	2	528	0		8qpq	8qpq	available	/scratch/10992/liaorunlong93/casp16-leaderboard/data/official/references/mmcif/8qpq.cif	true	H2236	prot_oligo	QSglob	H2236	298	60	21	267s	0.686000	267s	0.686000
H2244	H	protein_oligo	prot_oligo	BJCNb48	UNK	false	ok	ranked	no_reference_pdb	3	3	3	425	0				no_reference_pdb		true	H2244	prot_oligo	QSglob	H2244	298	61	20	171	0.762000	388s	0.745000
H2245	H	protein_oligo	prot_oligo	FUNcomplex	UNK	false	ok	ranked	no_reference_pdb	2	2	2	317	0				no_reference_pdb		true	H2245	prot_oligo	QSglob	H2245	303	61	20	052s	0.946000	052s	0.946000
H2258	H	protein_oligo	prot_oligo	LRRK2/14-3-3 complex	UNK	false	ok	ranked		2	2	2	2827	0		9ci3	9ci3	available	/scratch/10992/liaorunlong93/casp16-leaderboard/data/official/references/mmcif/9ci3.cif	true	H2258	prot_oligo	QSglob	H2258	256	50	18	262	0.716000	145s	0.656000
H2265	H	protein_oligo	prot_oligo	TLR4 TIR domain (O00206) : MAL TIR domain (P58753) complex	UNK	false	ok	ranked	no_reference_pdb	2	2	2	293	0				no_reference_pdb		true	H2265	prot_oligo	QSglob	H2265	233	46	17	298	0.492000	304s	0.465000
H2267	H	protein_oligo	prot_oligo	XauSPARDA	UNK	false	ok	ranked	no_reference_pdb	2	2	2	926	0				no_reference_pdb		true	H2267	prot_oligo	QSglob	H2267	279	57	20	290	0.823000	079s	0.819000
H2272	H	protein_oligo	prot_oligo	dystrophin-glycoprotein complex (DGC) 9c3c	UNK	false	ok	ranked		9	9	9	6879	0		9c3c	9c3c	available	/scratch/10992/liaorunlong93/casp16-leaderboard/data/official/references/mmcif/9c3c.cif	true	H2272	prot_oligo	QSglob	H2272	180	36	13	465	0.768000	456s	0.758000
T0206O	T	protein_oligo	prot_oligo	Porcine astrovirus 4 capsid spike	UNK	false	ok	ranked		1	1	1	237	1	T1206-D1	9cp0	9cp0	available	/scratch/10992/liaorunlong93/casp16-leaderboard/data/official/references/mmcif/9cp0.cif	true	T0206O	prot_oligo	QSglob	T0206	267	54	25	284s	0.971000	284s	0.971000
T0218O	T	protein_oligo	prot_oligo	Cry26Aa	UNK	false	ok	ranked	no_reference_pdb	1	1	1	1164	3	T1218-D1,T1218-D2,T1218-D3			no_reference_pdb		true	T0218O	prot_oligo	QSglob	T0218	200	42	18	494	0.799000	052s	0.570000
T0234O	T	protein_oligo	prot_oligo	YP_010355913.1	UNK	false	ok	ranked		1	1	1	413	1	T1234-D1	8qpq	8qpq	available	/scratch/10992/liaorunlong93/casp16-leaderboard/data/official/references/mmcif/8qpq.cif	true	T0234O	prot_oligo	QSglob	T0234	182	41	16	051	0.850000	028s	0.493000
T0235O	T	protein_oligo	prot_oligo	A0A410N6V5.2	UNK	false	ok	ranked		1	1	1	115	1	T1235-D1	8qpq	8qpq	available	/scratch/10992/liaorunlong93/casp16-leaderboard/data/official/references/mmcif/8qpq.cif	true	T0235O	prot_oligo	QSglob	T0235	214	47	19	051	0.971000	219s	0.852000
T0237O	T	protein_oligo	prot_oligo	Bd3071	UNK	false	ok	ranked	no_reference_pdb	1	1	1	488	1	T1237-D1			no_reference_pdb		true	T0237O	prot_oligo	QSglob	T0237	257	54	24	312s	0.825000	312s	0.825000
T0240O	T	protein_oligo	prot_oligo	Bd3442	UNK	false	ok	ranked	no_reference_pdb	1	1	1	653	2	T1240-D1,T1240-D2			no_reference_pdb		true	T0240O	prot_oligo	QSglob	T0240	260	55	24	397	0.125000	028s	0.121000
T0257O	T	protein_oligo	prot_oligo	P13390	UNK	false	ok	ranked	no_reference_pdb	1	1	1	1263	1	T1257-D1			no_reference_pdb		true	T0257O	prot_oligo	QSglob	T0257	229	50	21	052s	0.937000	052s	0.937000
T0259O	T	protein_oligo	prot_oligo	AZI86_00190	UNK	false	ok	ranked	no_reference_pdb	1	1	1	243	1	T1259-D1			no_reference_pdb		true	T0259O	prot_oligo	QSglob	T0259	261	53	24	139	0.575000	148s	0.548000
T0270O	T	protein_oligo	prot_oligo	HtrA	UNK	false	ok	ranked	no_reference_pdb	1	1	1	437	2	T1270-D1,T1270-D2			no_reference_pdb		true	T0270O	prot_oligo	QSglob	T0270	274	57	25	163s	0.621000	163s	0.621000
T1201O	T	protein_oligo	prot_oligo	Q9GZX9 8bwd	A2	false	ok	ranked		1	1	2	420	1	T1201-D1	8bwd	8bwd	available	/scratch/10992/liaorunlong93/casp16-leaderboard/data/official/references/mmcif/8bwd.cif	true	T1201O	prot_oligo	QSglob	T1201	365	74	29	110s	0.896000	110s	0.896000
T1206O	T	protein_oligo	prot_oligo	Porcine astrovirus 4 capsid spike	UNK	false	ok	ranked		1	1	1	237	1	T1206-D1	9cp0	9cp0	available	/scratch/10992/liaorunlong93/casp16-leaderboard/data/official/references/mmcif/9cp0.cif	true	T1206O	prot_oligo	QSglob	T1206	357	72	28	331s	0.973000	331s	0.973000
T1218O	T	protein_oligo	prot_oligo	Cry26Aa	UNK	false	ok	ranked	no_reference_pdb	1	1	1	1164	3	T1218-D1,T1218-D2,T1218-D3			no_reference_pdb		true	T1218O	prot_oligo	QSglob	T1218	337	69	25	023	0.799000	388s	0.714000
T1234O	T	protein_oligo	prot_oligo	YP_010355913.1	UNK	false	ok	ranked		1	1	1	413	1	T1234-D1	8qpq	8qpq	available	/scratch/10992/liaorunlong93/casp16-leaderboard/data/official/references/mmcif/8qpq.cif	true	T1234O	prot_oligo	QSglob	T1234	360	74	29	331s	0.850000	331s	0.850000
T1235O	T	protein_oligo	prot_oligo	A0A410N6V5.2	UNK	false	ok	ranked		1	1	1	115	1	T1235-D1	8qpq	8qpq	available	/scratch/10992/liaorunlong93/casp16-leaderboard/data/official/references/mmcif/8qpq.cif	true	T1235O	prot_oligo	QSglob	T1235	361	74	28	425s	0.971000	425s	0.971000
T1237O	T	protein_oligo	prot_oligo	Bd3071	UNK	false	ok	ranked	no_reference_pdb	1	1	1	488	1	T1237-D1			no_reference_pdb		true	T1237O	prot_oligo	QSglob	T1237	344	71	26	423s	0.831000	423s	0.831000
T1240O	T	protein_oligo	prot_oligo	Bd3442	UNK	false	ok	ranked	no_reference_pdb	1	1	1	653	2	T1240-D1,T1240-D2			no_reference_pdb		true	T1240O	prot_oligo	QSglob	T1240	348	71	26	465	0.170000	304s	0.155000
T1249V1O	T	protein_oligo	prot_oligo	Arenaviral spike complex 9fya	A3	false	ok	ranked		1	1	3	1464	1	T1249V1-D1	9fya	9fya	available	/scratch/10992/liaorunlong93/casp16-leaderboard/data/official/references/mmcif/9fya.cif	true	T1249V1O	prot_oligo	QSglob	T1249V1	698	73	29	465	0.532000	219s	0.378000
T1249V2O	T	protein_oligo	prot_oligo	Arenaviral spike complex 9fyg	A3	false	skipped	ranked	no_sequence_record	0	0	0	0	1	T1249V2-D1	9fyg	9fyg	available	/scratch/10992/liaorunlong93/casp16-leaderboard/data/official/references/mmcif/9fyg.cif	true	T1249V2O	prot_oligo	QSglob	T1249V2	698	73	29	272	0.330000	314s	0.298000
T1257O	T	protein_oligo	prot_oligo	P13390	UNK	false	ok	ranked	no_reference_pdb	1	1	1	1263	1	T1257-D1			no_reference_pdb		true	T1257O	prot_oligo	QSglob	T1257	301	63	25	022	0.937000	052s	0.937000
T1259O	T	protein_oligo	prot_oligo	AZI86_00190	UNK	false	ok	ranked	no_reference_pdb	1	1	1	243	1	T1259-D1			no_reference_pdb		true	T1259O	prot_oligo	QSglob	T1259	372	76	29	462	0.562000	147s	0.557000
T1269V1O	T	protein_oligo	prot_oligo	MUC5AC uniprot P98088 9gvq	An	false	skipped	ranked	no_sequence_record	0	0	0	0	0		9gvq	9gvq	available	/scratch/10992/liaorunlong93/casp16-leaderboard/data/official/references/mmcif/9gvq.cif	true	T1269V1O	prot_oligo	QSglob	T1269V1	182	37	15	345	0.877000	052s	0.860000
T1270O	T	protein_oligo	prot_oligo	HtrA	UNK	false	ok	ranked	no_reference_pdb	1	1	1	437	2	T1270-D1,T1270-D2			no_reference_pdb		true	T1270O	prot_oligo	QSglob	T1270	338	68	26	286	0.679000	388s	0.641000
T1292O	T	protein_oligo	prot_oligo	isocyanide hydratase-like iron binding protein	A2	false	ok	ranked	no_reference_pdb	1	1	2	392	1	T1292-D1			no_reference_pdb		true	T1292O	prot_oligo	QSglob	T1292	293	60	28	345	0.977000	331s	0.977000
T1294V1O	T	protein_oligo	prot_oligo	Isocyanide hydratase	A2	false	ok	ranked	no_reference_pdb	1	1	2	428	1	T1294V1-D1			no_reference_pdb		true	T1294V1O	prot_oligo	QSglob	T1294V1	558	58	27	304s	0.957000	304s	0.957000
T1295O	T	protein_oligo	prot_oligo	TM_Ag	A8	false	ok	ranked	no_reference_pdb	1	1	8	3752	3	T1295-D1,T1295-D2,T1295-D3			no_reference_pdb		true	T1295O	prot_oligo	QSglob	T1295	255	53	23	015	0.816000	163s	0.691000
T1298O	T	protein_oligo	prot_oligo	Cyclic nucleotide-binding protein  9sfa	A2	false	ok	ranked		1	1	2	684	2	T1298-D1,T1298-D2	9sfa	9sfa	available	/scratch/10992/liaorunlong93/casp16-leaderboard/data/official/references/mmcif/9sfa.cif	true	T1298O	prot_oligo	QSglob	T1298	331	66	27	290	0.944000	331s	0.942000
T2201O	T	protein_oligo	prot_oligo	Q9GZX9 8bwd	A2	false	ok	ranked		1	1	2	420	1	T1201-D1	8bwd	8bwd	available	/scratch/10992/liaorunlong93/casp16-leaderboard/data/official/references/mmcif/8bwd.cif	true	T2201O	prot_oligo	QSglob	T2201	306	61	23	287	0.901000	122s	0.900000
T2206O	T	protein_oligo	prot_oligo	Porcine astrovirus 4 capsid spike	UNK	false	ok	ranked		1	1	1	237	1	T1206-D1	9cp0	9cp0	available	/scratch/10992/liaorunlong93/casp16-leaderboard/data/official/references/mmcif/9cp0.cif	true	T2206O	prot_oligo	QSglob	T2206	303	62	22	311	0.972000	284s	0.971000
T2218O	T	protein_oligo	prot_oligo	Cry26Aa	UNK	false	ok	ranked	no_reference_pdb	1	1	1	1164	3	T1218-D1,T1218-D2,T1218-D3			no_reference_pdb		true	T2218O	prot_oligo	QSglob	T2218	301	61	22	274	0.800000	456s	0.707000
T2234O	T	protein_oligo	prot_oligo	YP_010355913.1	UNK	false	ok	ranked		1	1	1	413	1	T1234-D1	8qpq	8qpq	available	/scratch/10992/liaorunlong93/casp16-leaderboard/data/official/references/mmcif/8qpq.cif	true	T2234O	prot_oligo	QSglob	T2234	303	61	21	171	0.850000	267s	0.850000
T2235O	T	protein_oligo	prot_oligo	A0A410N6V5.2	UNK	false	ok	ranked		1	1	1	115	1	T1235-D1	8qpq	8qpq	available	/scratch/10992/liaorunlong93/casp16-leaderboard/data/official/references/mmcif/8qpq.cif	true	T2235O	prot_oligo	QSglob	T2235	308	62	21	163s	0.971000	163s	0.971000
T2237O	T	protein_oligo	prot_oligo	Bd3071	UNK	false	ok	ranked	no_reference_pdb	1	1	1	488	1	T1237-D1			no_reference_pdb		true	T2237O	prot_oligo	QSglob	T2237	299	60	21	489	0.830000	456s	0.821000
T2240O	T	protein_oligo	prot_oligo	Bd3442	UNK	false	ok	ranked	no_reference_pdb	1	1	1	653	2	T1240-D1,T1240-D2			no_reference_pdb		true	T2240O	prot_oligo	QSglob	T2240	298	61	21	465	0.162000	304s	0.155000
T2249V1O	T	protein_oligo	prot_oligo	Arenaviral spike complex 9fya	A3	false	ok	ranked		1	1	3	1464	1	T1249V1-D1	9fya	9fya	available	/scratch/10992/liaorunlong93/casp16-leaderboard/data/official/references/mmcif/9fya.cif	true	T2249V1O	prot_oligo	QSglob	T2249V1	537	54	22	023	0.532000	219s	0.378000
T2249V2O	T	protein_oligo	prot_oligo	Arenaviral spike complex 9fyg	A3	false	skipped	ranked	no_sequence_record	0	0	0	0	1	T1249V2-D1	9fyg	9fyg	available	/scratch/10992/liaorunlong93/casp16-leaderboard/data/official/references/mmcif/9fyg.cif	true	T2249V2O	prot_oligo	QSglob	T2249V2	537	54	22	272	0.330000	304s	0.296000
T2257O	T	protein_oligo	prot_oligo	P13390	UNK	false	ok	ranked	no_reference_pdb	1	1	1	1263	1	T1257-D1			no_reference_pdb		true	T2257O	prot_oligo	QSglob	T2257	270	54	19	022	0.937000	052s	0.937000
T2259O	T	protein_oligo	prot_oligo	AZI86_00190	UNK	false	ok	ranked	no_reference_pdb	1	1	1	243	1	T1259-D1			no_reference_pdb		true	T2259O	prot_oligo	QSglob	T2259	277	56	19	462	0.562000	147s	0.557000
T2270O	T	protein_oligo	prot_oligo	HtrA	UNK	false	ok	ranked	no_reference_pdb	1	1	1	437	2	T1270-D1,T1270-D2			no_reference_pdb		true	T2270O	prot_oligo	QSglob	T2270	284	57	20	286	0.679000	388s	0.635000
