target_id	pdb_ids	status	source	native_provenance	construct_coverage	chain_mapping	scoring_mapping	notes	source_path
T1228V1	9dxd	rejected	rcsb_exact_sequence_probe		target_sequence_contained_in_candidate_entity			partial_or_construct_variant_candidate_do_not_promote_without_mapping | 9DXD_1 | attLmm bound serine integrase and RDF complex in the pre-rotation state | 2026-01-21T00:00:00.000+00:00 | ELECTRON MICROSCOPY	/scratch/10992/liaorunlong93/casp16-leaderboard/diagnostics/reference_gap/rcsb_exact_sequence_probe_latest_all_candidates.tsv
T1228V1	9dxf	rejected	rcsb_exact_sequence_probe		target_sequence_contained_in_candidate_entity			partial_or_construct_variant_candidate_do_not_promote_without_mapping | 9DXF_1 | attLmm bound serine integrase and RDF complex in the post-rotation state | 2026-01-21T00:00:00.000+00:00 | ELECTRON MICROSCOPY	/scratch/10992/liaorunlong93/casp16-leaderboard/diagnostics/reference_gap/rcsb_exact_sequence_probe_latest_all_candidates.tsv
T1228V1	9dxg	rejected	rcsb_exact_sequence_probe		target_sequence_contained_in_candidate_entity			partial_or_construct_variant_candidate_do_not_promote_without_mapping | 9DXG_1 | attP bound large serine integrase and RDF complex in the dimeric state (cleaved) | 2026-01-21T00:00:00.000+00:00 | ELECTRON MICROSCOPY	/scratch/10992/liaorunlong93/casp16-leaderboard/diagnostics/reference_gap/rcsb_exact_sequence_probe_latest_all_candidates.tsv
T1228V1	9dxh	candidate	rcsb_exact_sequence_probe		full_construct_exact_sequence	candidate_entity=1; asym_ids=A,B,G,H; auth_asym_ids=A,C,I,K; verify_native_chain_choice	multi_domain_target=T1228V1-D1,T1228V1-D2,T1228V1-D3,T1228V1-D4; requires_explicit_domain_crop_mapping	full_construct_exact_candidate_needs_native_provenance_and_mapping | 9DXH_1 | attPmm and attBmm bound serine integrase complex in the pre-rotation state | 2026-01-21T00:00:00.000+00:00 | ELECTRON MICROSCOPY	/scratch/10992/liaorunlong93/casp16-leaderboard/diagnostics/reference_gap/rcsb_exact_sequence_probe_latest_all_candidates.tsv
T1228V1	9dxj	candidate	rcsb_exact_sequence_probe		full_construct_exact_sequence	candidate_entity=1; asym_ids=A,B,G,H; auth_asym_ids=A,C,I,K; verify_native_chain_choice	multi_domain_target=T1228V1-D1,T1228V1-D2,T1228V1-D3,T1228V1-D4; requires_explicit_domain_crop_mapping	full_construct_exact_candidate_needs_native_provenance_and_mapping | 9DXJ_1 | attPmm and attBmm bound serine integrase complex in the post-rotation state | 2026-01-21T00:00:00.000+00:00 | ELECTRON MICROSCOPY	/scratch/10992/liaorunlong93/casp16-leaderboard/diagnostics/reference_gap/rcsb_exact_sequence_probe_latest_all_candidates.tsv
T1228V1	9dxk	candidate	rcsb_exact_sequence_probe		full_construct_exact_sequence	candidate_entity=1; asym_ids=A,B,C,D; auth_asym_ids=A,C,I,K; verify_native_chain_choice	multi_domain_target=T1228V1-D1,T1228V1-D2,T1228V1-D3,T1228V1-D4; requires_explicit_domain_crop_mapping	full_construct_exact_candidate_needs_native_provenance_and_mapping | 9DXK_1 | attPmm bound serine integrase complex in the tetrameric state | 2026-01-21T00:00:00.000+00:00 | ELECTRON MICROSCOPY	/scratch/10992/liaorunlong93/casp16-leaderboard/diagnostics/reference_gap/rcsb_exact_sequence_probe_latest_all_candidates.tsv
T1228V1	9y66	candidate	rcsb_exact_sequence_probe		full_construct_exact_sequence	candidate_entity=1; asym_ids=A,B; auth_asym_ids=A,C; verify_native_chain_choice	multi_domain_target=T1228V1-D1,T1228V1-D2,T1228V1-D3,T1228V1-D4; requires_explicit_domain_crop_mapping	full_construct_exact_candidate_needs_native_provenance_and_mapping | 9Y66_1 | attLsym bound serine integrase complex in the dimeric state | 2026-02-04T00:00:00.000+00:00 | ELECTRON MICROSCOPY	/scratch/10992/liaorunlong93/casp16-leaderboard/diagnostics/reference_gap/rcsb_exact_sequence_probe_latest_all_candidates.tsv
T1228V1	9y6v	rejected	rcsb_exact_sequence_probe		target_sequence_contained_in_candidate_entity			partial_or_construct_variant_candidate_do_not_promote_without_mapping | 9Y6V_1 | attPsym bound large serine integrase and RDF complex in the dimeric state | 2026-02-04T00:00:00.000+00:00 | ELECTRON MICROSCOPY	/scratch/10992/liaorunlong93/casp16-leaderboard/diagnostics/reference_gap/rcsb_exact_sequence_probe_latest_all_candidates.tsv
T1278	9hav	candidate	rcsb_exact_sequence_probe		full_construct_exact_sequence	candidate_entity=1; asym_ids=A,B,C,D,E,F; auth_asym_ids=A,B,C,D,E,F; verify_native_chain_choice	candidate_domain=T1278-D1; residue_ranges=34-370; verify_chain_and_crop	full_construct_exact_candidate_needs_native_provenance_and_mapping | 9HAV_1 | F420-dependent glucose-6-phosphate dehydrogenase from Thermomicrobium roseus with glucose | 2025-11-19T00:00:00.000+00:00 | X-RAY DIFFRACTION	/scratch/10992/liaorunlong93/casp16-leaderboard/diagnostics/reference_gap/rcsb_exact_sequence_probe_latest_all_candidates.tsv
T1278	9haw	candidate	rcsb_exact_sequence_probe		full_construct_exact_sequence	candidate_entity=1; asym_ids=A,B,C,D,E,F,G,H,I,J,K,L,M,N,O,P,Q,R; auth_asym_ids=A,B,C,D,E,F,G,H,I,J,K,L,M,N,O,P,Q,R; verify_native_chain_choice	candidate_domain=T1278-D1; residue_ranges=34-370; verify_chain_and_crop	full_construct_exact_candidate_needs_native_provenance_and_mapping | 9HAW_1 | F420-dependent glucose-6-phosphate dehydrogenase without ligand | 2025-11-19T00:00:00.000+00:00 | X-RAY DIFFRACTION	/scratch/10992/liaorunlong93/casp16-leaderboard/diagnostics/reference_gap/rcsb_exact_sequence_probe_latest_all_candidates.tsv
T1278	9hax	candidate	rcsb_exact_sequence_probe		full_construct_exact_sequence	candidate_entity=1; asym_ids=A,B,C,D,E,F,G,H,I,J,K,L; auth_asym_ids=A,B,C,D,E,F,G,H,I,J,K,L; verify_native_chain_choice	candidate_domain=T1278-D1; residue_ranges=34-370; verify_chain_and_crop	full_construct_exact_candidate_needs_native_provenance_and_mapping | 9HAX_1 | F420-dependent glucose-6-phosphate dehydrogenase | 2025-11-19T00:00:00.000+00:00 | X-RAY DIFFRACTION	/scratch/10992/liaorunlong93/casp16-leaderboard/diagnostics/reference_gap/rcsb_exact_sequence_probe_latest_all_candidates.tsv
T1278	9hay	candidate	rcsb_exact_sequence_probe		full_construct_exact_sequence	candidate_entity=1; asym_ids=A,B,C,D,E,F,G,H,I,J,K,L,M,N,O,P,Q,R; auth_asym_ids=A,B,C,D,E,F,G,H,I,J,K,L,M,N,O,P,Q,R; verify_native_chain_choice	candidate_domain=T1278-D1; residue_ranges=34-370; verify_chain_and_crop	full_construct_exact_candidate_needs_native_provenance_and_mapping | 9HAY_1 | F420-dependent glucose-6-phosphate dehydrogenase with glucose-6-phosphate | 2025-11-19T00:00:00.000+00:00 | X-RAY DIFFRACTION	/scratch/10992/liaorunlong93/casp16-leaderboard/diagnostics/reference_gap/rcsb_exact_sequence_probe_latest_all_candidates.tsv
T1278	13mi	deferred	rcsb_exact_sequence_probe		sequence_search_hit_alignment_unverified			sequence_search_hit_alignment_unverified | 13MI_1 | PanDDA analysis group deposition -- Crystal structure of PLpro-C111S in complex with Fr12860 | 2026-02-18T00:00:00.000+00:00 | X-RAY DIFFRACTION	/scratch/10992/liaorunlong93/casp16-leaderboard/diagnostics/reference_gap/rcsb_exact_sequence_probe_latest_all_candidates.tsv
T1278	13mj	deferred	rcsb_exact_sequence_probe		sequence_search_hit_alignment_unverified			sequence_search_hit_alignment_unverified | 13MJ_1 | PanDDA analysis group deposition -- Crystal structure of PLpro-C111S in complex with Fr13647 | 2026-02-18T00:00:00.000+00:00 | X-RAY DIFFRACTION	/scratch/10992/liaorunlong93/casp16-leaderboard/diagnostics/reference_gap/rcsb_exact_sequence_probe_latest_all_candidates.tsv
T1278	13mk	deferred	rcsb_exact_sequence_probe		sequence_search_hit_alignment_unverified			sequence_search_hit_alignment_unverified | 13MK_1 | PanDDA analysis group deposition -- Crystal structure of PLpro-C111S in complex with Fr12961 | 2026-02-18T00:00:00.000+00:00 | X-RAY DIFFRACTION	/scratch/10992/liaorunlong93/casp16-leaderboard/diagnostics/reference_gap/rcsb_exact_sequence_probe_latest_all_candidates.tsv
T1278	13ml	deferred	rcsb_exact_sequence_probe		sequence_search_hit_alignment_unverified			sequence_search_hit_alignment_unverified | 13ML_1 | PanDDA analysis group deposition -- Crystal structure of PLpro-C111S in complex with Fr13431 | 2026-02-18T00:00:00.000+00:00 | X-RAY DIFFRACTION	/scratch/10992/liaorunlong93/casp16-leaderboard/diagnostics/reference_gap/rcsb_exact_sequence_probe_latest_all_candidates.tsv
T1278	13mm	deferred	rcsb_exact_sequence_probe		sequence_search_hit_alignment_unverified			sequence_search_hit_alignment_unverified | 13MM_1 | PanDDA analysis group deposition -- Crystal structure of PLpro-C111S in complex with Fr13408 | 2026-02-18T00:00:00.000+00:00 | X-RAY DIFFRACTION	/scratch/10992/liaorunlong93/casp16-leaderboard/diagnostics/reference_gap/rcsb_exact_sequence_probe_latest_all_candidates.tsv
T1278	13mn	deferred	rcsb_exact_sequence_probe		sequence_search_hit_alignment_unverified			sequence_search_hit_alignment_unverified | 13MN_1 | PanDDA analysis group deposition -- Crystal structure of PLpro-C111S in complex with Fr12338 | 2026-02-18T00:00:00.000+00:00 | X-RAY DIFFRACTION	/scratch/10992/liaorunlong93/casp16-leaderboard/diagnostics/reference_gap/rcsb_exact_sequence_probe_latest_all_candidates.tsv
T1278	13mo	deferred	rcsb_exact_sequence_probe		sequence_search_hit_alignment_unverified			sequence_search_hit_alignment_unverified | 13MO_1 | PanDDA analysis group deposition -- Crystal structure of PLpro-C111S in complex with TD1471 | 2026-02-18T00:00:00.000+00:00 | X-RAY DIFFRACTION	/scratch/10992/liaorunlong93/casp16-leaderboard/diagnostics/reference_gap/rcsb_exact_sequence_probe_latest_all_candidates.tsv
T1278	13mp	deferred	rcsb_exact_sequence_probe		sequence_search_hit_alignment_unverified			sequence_search_hit_alignment_unverified | 13MP_1 | PanDDA analysis group deposition -- Crystal structure of PLpro-C111S in complex with TD1452 | 2026-02-18T00:00:00.000+00:00 | X-RAY DIFFRACTION	/scratch/10992/liaorunlong93/casp16-leaderboard/diagnostics/reference_gap/rcsb_exact_sequence_probe_latest_all_candidates.tsv
T1278	13mq	deferred	rcsb_exact_sequence_probe		sequence_search_hit_alignment_unverified			sequence_search_hit_alignment_unverified | 13MQ_1 | PanDDA analysis group deposition -- Crystal structure of PLpro-C111S in complex with Fr13639 | 2026-02-18T00:00:00.000+00:00 | X-RAY DIFFRACTION	/scratch/10992/liaorunlong93/casp16-leaderboard/diagnostics/reference_gap/rcsb_exact_sequence_probe_latest_all_candidates.tsv
T1278	13mr	deferred	rcsb_exact_sequence_probe		sequence_search_hit_alignment_unverified			sequence_search_hit_alignment_unverified | 13MR_1 | PanDDA analysis group deposition -- Crystal structure of PLpro-C111S in complex with Fr13275 | 2026-02-18T00:00:00.000+00:00 | X-RAY DIFFRACTION	/scratch/10992/liaorunlong93/casp16-leaderboard/diagnostics/reference_gap/rcsb_exact_sequence_probe_latest_all_candidates.tsv
T1278	13ms	deferred	rcsb_exact_sequence_probe		sequence_search_hit_alignment_unverified			sequence_search_hit_alignment_unverified | 13MS_1 | PanDDA analysis group deposition -- Crystal structure of PLpro-C111S in complex with Fr13952 | 2026-02-18T00:00:00.000+00:00 | X-RAY DIFFRACTION	/scratch/10992/liaorunlong93/casp16-leaderboard/diagnostics/reference_gap/rcsb_exact_sequence_probe_latest_all_candidates.tsv
T1278	13mt	deferred	rcsb_exact_sequence_probe		sequence_search_hit_alignment_unverified			sequence_search_hit_alignment_unverified | 13MT_1 | PanDDA analysis group deposition -- Crystal structure of PLpro-C111S in complex with Fr14022 | 2026-02-18T00:00:00.000+00:00 | X-RAY DIFFRACTION	/scratch/10992/liaorunlong93/casp16-leaderboard/diagnostics/reference_gap/rcsb_exact_sequence_probe_latest_all_candidates.tsv
T1278	13mu	deferred	rcsb_exact_sequence_probe		sequence_search_hit_alignment_unverified			sequence_search_hit_alignment_unverified | 13MU_1 | PanDDA analysis group deposition -- Crystal structure of PLpro-C111S in complex with FL0184 | 2026-02-18T00:00:00.000+00:00 | X-RAY DIFFRACTION	/scratch/10992/liaorunlong93/casp16-leaderboard/diagnostics/reference_gap/rcsb_exact_sequence_probe_latest_all_candidates.tsv
T1278	13mv	deferred	rcsb_exact_sequence_probe		sequence_search_hit_alignment_unverified			sequence_search_hit_alignment_unverified | 13MV_1 | PanDDA analysis group deposition -- Crystal structure of PLpro-C111S in complex with Fr12895 | 2026-02-18T00:00:00.000+00:00 | X-RAY DIFFRACTION	/scratch/10992/liaorunlong93/casp16-leaderboard/diagnostics/reference_gap/rcsb_exact_sequence_probe_latest_all_candidates.tsv
T1278	13mw	deferred	rcsb_exact_sequence_probe		sequence_search_hit_alignment_unverified			sequence_search_hit_alignment_unverified | 13MW_1 | PanDDA analysis group deposition -- Crystal structure of PLpro-C111S in complex with PDK0219 | 2026-02-18T00:00:00.000+00:00 | X-RAY DIFFRACTION	/scratch/10992/liaorunlong93/casp16-leaderboard/diagnostics/reference_gap/rcsb_exact_sequence_probe_latest_all_candidates.tsv
T1278	13mx	deferred	rcsb_exact_sequence_probe		sequence_search_hit_alignment_unverified			sequence_search_hit_alignment_unverified | 13MX_1 | PanDDA analysis group deposition -- Crystal structure of PLpro-C111S in complex with Fr13509 | 2026-02-18T00:00:00.000+00:00 | X-RAY DIFFRACTION	/scratch/10992/liaorunlong93/casp16-leaderboard/diagnostics/reference_gap/rcsb_exact_sequence_probe_latest_all_candidates.tsv
T1278	13my	deferred	rcsb_exact_sequence_probe		sequence_search_hit_alignment_unverified			sequence_search_hit_alignment_unverified | 13MY_1 | PanDDA analysis group deposition -- Crystal structure of PLpro-C111S in complex with Fr12362 | 2026-02-18T00:00:00.000+00:00 | X-RAY DIFFRACTION	/scratch/10992/liaorunlong93/casp16-leaderboard/diagnostics/reference_gap/rcsb_exact_sequence_probe_latest_all_candidates.tsv
T1278	13mz	deferred	rcsb_exact_sequence_probe		sequence_search_hit_alignment_unverified			sequence_search_hit_alignment_unverified | 13MZ_1 | PanDDA analysis group deposition -- Crystal structure of PLpro-C111S in complex with Fr14473 | 2026-02-18T00:00:00.000+00:00 | X-RAY DIFFRACTION	/scratch/10992/liaorunlong93/casp16-leaderboard/diagnostics/reference_gap/rcsb_exact_sequence_probe_latest_all_candidates.tsv
T1278	13na	deferred	rcsb_exact_sequence_probe		sequence_search_hit_alignment_unverified			sequence_search_hit_alignment_unverified | 13NA_1 | PanDDA analysis group deposition -- Crystal structure of PLpro-C111S in complex with Fr12973 | 2026-02-18T00:00:00.000+00:00 | X-RAY DIFFRACTION	/scratch/10992/liaorunlong93/casp16-leaderboard/diagnostics/reference_gap/rcsb_exact_sequence_probe_latest_all_candidates.tsv
T1278	13nb	deferred	rcsb_exact_sequence_probe		sequence_search_hit_alignment_unverified			sequence_search_hit_alignment_unverified | 13NB_1 | PanDDA analysis group deposition -- Crystal structure of PLpro-C111S in complex with Fr14425 | 2026-02-18T00:00:00.000+00:00 | X-RAY DIFFRACTION	/scratch/10992/liaorunlong93/casp16-leaderboard/diagnostics/reference_gap/rcsb_exact_sequence_probe_latest_all_candidates.tsv
T1278	13nc	deferred	rcsb_exact_sequence_probe		sequence_search_hit_alignment_unverified			sequence_search_hit_alignment_unverified | 13NC_1 | PanDDA analysis group deposition -- Crystal structure of PLpro-C111S in complex with Fr12597 | 2026-02-18T00:00:00.000+00:00 | X-RAY DIFFRACTION	/scratch/10992/liaorunlong93/casp16-leaderboard/diagnostics/reference_gap/rcsb_exact_sequence_probe_latest_all_candidates.tsv
T0270	10br	deferred	rcsb_exact_sequence_probe		sequence_search_hit_alignment_unverified			sequence_search_hit_alignment_unverified | 10BR_1 | Crystal structure of B. burgdorferi HtrA PDZ1-2 domains | 2026-06-17T00:00:00.000+00:00 | X-RAY DIFFRACTION	/scratch/10992/liaorunlong93/casp16-leaderboard/diagnostics/reference_gap/rcsb_exact_sequence_probe_latest_all_candidates.tsv
T1270	10br	deferred	rcsb_exact_sequence_probe		sequence_search_hit_alignment_unverified			sequence_search_hit_alignment_unverified | 10BR_1 | Crystal structure of B. burgdorferi HtrA PDZ1-2 domains | 2026-06-17T00:00:00.000+00:00 | X-RAY DIFFRACTION	/scratch/10992/liaorunlong93/casp16-leaderboard/diagnostics/reference_gap/rcsb_exact_sequence_probe_latest_all_candidates.tsv
T1270O	10br	deferred	rcsb_exact_sequence_probe		sequence_search_hit_alignment_unverified			sequence_search_hit_alignment_unverified | 10BR_1 | Crystal structure of B. burgdorferi HtrA PDZ1-2 domains | 2026-06-17T00:00:00.000+00:00 | X-RAY DIFFRACTION	/scratch/10992/liaorunlong93/casp16-leaderboard/diagnostics/reference_gap/rcsb_exact_sequence_probe_latest_all_candidates.tsv
T0270O	10br	deferred	rcsb_exact_sequence_probe		sequence_search_hit_alignment_unverified			sequence_search_hit_alignment_unverified | 10BR_1 | Crystal structure of B. burgdorferi HtrA PDZ1-2 domains | 2026-06-17T00:00:00.000+00:00 | X-RAY DIFFRACTION	/scratch/10992/liaorunlong93/casp16-leaderboard/diagnostics/reference_gap/rcsb_exact_sequence_probe_latest_all_candidates.tsv
T2278	9hav	candidate	rcsb_exact_sequence_probe		full_construct_exact_sequence	candidate_entity=1; asym_ids=A,B,C,D,E,F; auth_asym_ids=A,B,C,D,E,F; verify_native_chain_choice	candidate_domain=T1278-D1; residue_ranges=34-370; verify_chain_and_crop	full_construct_exact_candidate_needs_native_provenance_and_mapping | 9HAV_1 | F420-dependent glucose-6-phosphate dehydrogenase from Thermomicrobium roseus with glucose | 2025-11-19T00:00:00.000+00:00 | X-RAY DIFFRACTION	/scratch/10992/liaorunlong93/casp16-leaderboard/diagnostics/reference_gap/rcsb_exact_sequence_probe_latest_all_candidates.tsv
T2278	9haw	candidate	rcsb_exact_sequence_probe		full_construct_exact_sequence	candidate_entity=1; asym_ids=A,B,C,D,E,F,G,H,I,J,K,L,M,N,O,P,Q,R; auth_asym_ids=A,B,C,D,E,F,G,H,I,J,K,L,M,N,O,P,Q,R; verify_native_chain_choice	candidate_domain=T1278-D1; residue_ranges=34-370; verify_chain_and_crop	full_construct_exact_candidate_needs_native_provenance_and_mapping | 9HAW_1 | F420-dependent glucose-6-phosphate dehydrogenase without ligand | 2025-11-19T00:00:00.000+00:00 | X-RAY DIFFRACTION	/scratch/10992/liaorunlong93/casp16-leaderboard/diagnostics/reference_gap/rcsb_exact_sequence_probe_latest_all_candidates.tsv
T2278	9hax	candidate	rcsb_exact_sequence_probe		full_construct_exact_sequence	candidate_entity=1; asym_ids=A,B,C,D,E,F,G,H,I,J,K,L; auth_asym_ids=A,B,C,D,E,F,G,H,I,J,K,L; verify_native_chain_choice	candidate_domain=T1278-D1; residue_ranges=34-370; verify_chain_and_crop	full_construct_exact_candidate_needs_native_provenance_and_mapping | 9HAX_1 | F420-dependent glucose-6-phosphate dehydrogenase | 2025-11-19T00:00:00.000+00:00 | X-RAY DIFFRACTION	/scratch/10992/liaorunlong93/casp16-leaderboard/diagnostics/reference_gap/rcsb_exact_sequence_probe_latest_all_candidates.tsv
T2278	9hay	candidate	rcsb_exact_sequence_probe		full_construct_exact_sequence	candidate_entity=1; asym_ids=A,B,C,D,E,F,G,H,I,J,K,L,M,N,O,P,Q,R; auth_asym_ids=A,B,C,D,E,F,G,H,I,J,K,L,M,N,O,P,Q,R; verify_native_chain_choice	candidate_domain=T1278-D1; residue_ranges=34-370; verify_chain_and_crop	full_construct_exact_candidate_needs_native_provenance_and_mapping | 9HAY_1 | F420-dependent glucose-6-phosphate dehydrogenase with glucose-6-phosphate | 2025-11-19T00:00:00.000+00:00 | X-RAY DIFFRACTION	/scratch/10992/liaorunlong93/casp16-leaderboard/diagnostics/reference_gap/rcsb_exact_sequence_probe_latest_all_candidates.tsv
T2278	13mi	deferred	rcsb_exact_sequence_probe		sequence_search_hit_alignment_unverified			sequence_search_hit_alignment_unverified | 13MI_1 | PanDDA analysis group deposition -- Crystal structure of PLpro-C111S in complex with Fr12860 | 2026-02-18T00:00:00.000+00:00 | X-RAY DIFFRACTION	/scratch/10992/liaorunlong93/casp16-leaderboard/diagnostics/reference_gap/rcsb_exact_sequence_probe_latest_all_candidates.tsv
T2278	13mj	deferred	rcsb_exact_sequence_probe		sequence_search_hit_alignment_unverified			sequence_search_hit_alignment_unverified | 13MJ_1 | PanDDA analysis group deposition -- Crystal structure of PLpro-C111S in complex with Fr13647 | 2026-02-18T00:00:00.000+00:00 | X-RAY DIFFRACTION	/scratch/10992/liaorunlong93/casp16-leaderboard/diagnostics/reference_gap/rcsb_exact_sequence_probe_latest_all_candidates.tsv
T2278	13mk	deferred	rcsb_exact_sequence_probe		sequence_search_hit_alignment_unverified			sequence_search_hit_alignment_unverified | 13MK_1 | PanDDA analysis group deposition -- Crystal structure of PLpro-C111S in complex with Fr12961 | 2026-02-18T00:00:00.000+00:00 | X-RAY DIFFRACTION	/scratch/10992/liaorunlong93/casp16-leaderboard/diagnostics/reference_gap/rcsb_exact_sequence_probe_latest_all_candidates.tsv
T2278	13ml	deferred	rcsb_exact_sequence_probe		sequence_search_hit_alignment_unverified			sequence_search_hit_alignment_unverified | 13ML_1 | PanDDA analysis group deposition -- Crystal structure of PLpro-C111S in complex with Fr13431 | 2026-02-18T00:00:00.000+00:00 | X-RAY DIFFRACTION	/scratch/10992/liaorunlong93/casp16-leaderboard/diagnostics/reference_gap/rcsb_exact_sequence_probe_latest_all_candidates.tsv
T2278	13mm	deferred	rcsb_exact_sequence_probe		sequence_search_hit_alignment_unverified			sequence_search_hit_alignment_unverified | 13MM_1 | PanDDA analysis group deposition -- Crystal structure of PLpro-C111S in complex with Fr13408 | 2026-02-18T00:00:00.000+00:00 | X-RAY DIFFRACTION	/scratch/10992/liaorunlong93/casp16-leaderboard/diagnostics/reference_gap/rcsb_exact_sequence_probe_latest_all_candidates.tsv
T2278	13mn	deferred	rcsb_exact_sequence_probe		sequence_search_hit_alignment_unverified			sequence_search_hit_alignment_unverified | 13MN_1 | PanDDA analysis group deposition -- Crystal structure of PLpro-C111S in complex with Fr12338 | 2026-02-18T00:00:00.000+00:00 | X-RAY DIFFRACTION	/scratch/10992/liaorunlong93/casp16-leaderboard/diagnostics/reference_gap/rcsb_exact_sequence_probe_latest_all_candidates.tsv
T2278	13mo	deferred	rcsb_exact_sequence_probe		sequence_search_hit_alignment_unverified			sequence_search_hit_alignment_unverified | 13MO_1 | PanDDA analysis group deposition -- Crystal structure of PLpro-C111S in complex with TD1471 | 2026-02-18T00:00:00.000+00:00 | X-RAY DIFFRACTION	/scratch/10992/liaorunlong93/casp16-leaderboard/diagnostics/reference_gap/rcsb_exact_sequence_probe_latest_all_candidates.tsv
T2278	13mp	deferred	rcsb_exact_sequence_probe		sequence_search_hit_alignment_unverified			sequence_search_hit_alignment_unverified | 13MP_1 | PanDDA analysis group deposition -- Crystal structure of PLpro-C111S in complex with TD1452 | 2026-02-18T00:00:00.000+00:00 | X-RAY DIFFRACTION	/scratch/10992/liaorunlong93/casp16-leaderboard/diagnostics/reference_gap/rcsb_exact_sequence_probe_latest_all_candidates.tsv
T2278	13mq	deferred	rcsb_exact_sequence_probe		sequence_search_hit_alignment_unverified			sequence_search_hit_alignment_unverified | 13MQ_1 | PanDDA analysis group deposition -- Crystal structure of PLpro-C111S in complex with Fr13639 | 2026-02-18T00:00:00.000+00:00 | X-RAY DIFFRACTION	/scratch/10992/liaorunlong93/casp16-leaderboard/diagnostics/reference_gap/rcsb_exact_sequence_probe_latest_all_candidates.tsv
T2278	13mr	deferred	rcsb_exact_sequence_probe		sequence_search_hit_alignment_unverified			sequence_search_hit_alignment_unverified | 13MR_1 | PanDDA analysis group deposition -- Crystal structure of PLpro-C111S in complex with Fr13275 | 2026-02-18T00:00:00.000+00:00 | X-RAY DIFFRACTION	/scratch/10992/liaorunlong93/casp16-leaderboard/diagnostics/reference_gap/rcsb_exact_sequence_probe_latest_all_candidates.tsv
T2278	13ms	deferred	rcsb_exact_sequence_probe		sequence_search_hit_alignment_unverified			sequence_search_hit_alignment_unverified | 13MS_1 | PanDDA analysis group deposition -- Crystal structure of PLpro-C111S in complex with Fr13952 | 2026-02-18T00:00:00.000+00:00 | X-RAY DIFFRACTION	/scratch/10992/liaorunlong93/casp16-leaderboard/diagnostics/reference_gap/rcsb_exact_sequence_probe_latest_all_candidates.tsv
T2278	13mt	deferred	rcsb_exact_sequence_probe		sequence_search_hit_alignment_unverified			sequence_search_hit_alignment_unverified | 13MT_1 | PanDDA analysis group deposition -- Crystal structure of PLpro-C111S in complex with Fr14022 | 2026-02-18T00:00:00.000+00:00 | X-RAY DIFFRACTION	/scratch/10992/liaorunlong93/casp16-leaderboard/diagnostics/reference_gap/rcsb_exact_sequence_probe_latest_all_candidates.tsv
T2278	13mu	deferred	rcsb_exact_sequence_probe		sequence_search_hit_alignment_unverified			sequence_search_hit_alignment_unverified | 13MU_1 | PanDDA analysis group deposition -- Crystal structure of PLpro-C111S in complex with FL0184 | 2026-02-18T00:00:00.000+00:00 | X-RAY DIFFRACTION	/scratch/10992/liaorunlong93/casp16-leaderboard/diagnostics/reference_gap/rcsb_exact_sequence_probe_latest_all_candidates.tsv
T2278	13mv	deferred	rcsb_exact_sequence_probe		sequence_search_hit_alignment_unverified			sequence_search_hit_alignment_unverified | 13MV_1 | PanDDA analysis group deposition -- Crystal structure of PLpro-C111S in complex with Fr12895 | 2026-02-18T00:00:00.000+00:00 | X-RAY DIFFRACTION	/scratch/10992/liaorunlong93/casp16-leaderboard/diagnostics/reference_gap/rcsb_exact_sequence_probe_latest_all_candidates.tsv
T2278	13mw	deferred	rcsb_exact_sequence_probe		sequence_search_hit_alignment_unverified			sequence_search_hit_alignment_unverified | 13MW_1 | PanDDA analysis group deposition -- Crystal structure of PLpro-C111S in complex with PDK0219 | 2026-02-18T00:00:00.000+00:00 | X-RAY DIFFRACTION	/scratch/10992/liaorunlong93/casp16-leaderboard/diagnostics/reference_gap/rcsb_exact_sequence_probe_latest_all_candidates.tsv
T2278	13mx	deferred	rcsb_exact_sequence_probe		sequence_search_hit_alignment_unverified			sequence_search_hit_alignment_unverified | 13MX_1 | PanDDA analysis group deposition -- Crystal structure of PLpro-C111S in complex with Fr13509 | 2026-02-18T00:00:00.000+00:00 | X-RAY DIFFRACTION	/scratch/10992/liaorunlong93/casp16-leaderboard/diagnostics/reference_gap/rcsb_exact_sequence_probe_latest_all_candidates.tsv
T2278	13my	deferred	rcsb_exact_sequence_probe		sequence_search_hit_alignment_unverified			sequence_search_hit_alignment_unverified | 13MY_1 | PanDDA analysis group deposition -- Crystal structure of PLpro-C111S in complex with Fr12362 | 2026-02-18T00:00:00.000+00:00 | X-RAY DIFFRACTION	/scratch/10992/liaorunlong93/casp16-leaderboard/diagnostics/reference_gap/rcsb_exact_sequence_probe_latest_all_candidates.tsv
T2278	13mz	deferred	rcsb_exact_sequence_probe		sequence_search_hit_alignment_unverified			sequence_search_hit_alignment_unverified | 13MZ_1 | PanDDA analysis group deposition -- Crystal structure of PLpro-C111S in complex with Fr14473 | 2026-02-18T00:00:00.000+00:00 | X-RAY DIFFRACTION	/scratch/10992/liaorunlong93/casp16-leaderboard/diagnostics/reference_gap/rcsb_exact_sequence_probe_latest_all_candidates.tsv
T2278	13na	deferred	rcsb_exact_sequence_probe		sequence_search_hit_alignment_unverified			sequence_search_hit_alignment_unverified | 13NA_1 | PanDDA analysis group deposition -- Crystal structure of PLpro-C111S in complex with Fr12973 | 2026-02-18T00:00:00.000+00:00 | X-RAY DIFFRACTION	/scratch/10992/liaorunlong93/casp16-leaderboard/diagnostics/reference_gap/rcsb_exact_sequence_probe_latest_all_candidates.tsv
T2278	13nb	deferred	rcsb_exact_sequence_probe		sequence_search_hit_alignment_unverified			sequence_search_hit_alignment_unverified | 13NB_1 | PanDDA analysis group deposition -- Crystal structure of PLpro-C111S in complex with Fr14425 | 2026-02-18T00:00:00.000+00:00 | X-RAY DIFFRACTION	/scratch/10992/liaorunlong93/casp16-leaderboard/diagnostics/reference_gap/rcsb_exact_sequence_probe_latest_all_candidates.tsv
T2278	13nc	deferred	rcsb_exact_sequence_probe		sequence_search_hit_alignment_unverified			sequence_search_hit_alignment_unverified | 13NC_1 | PanDDA analysis group deposition -- Crystal structure of PLpro-C111S in complex with Fr12597 | 2026-02-18T00:00:00.000+00:00 | X-RAY DIFFRACTION	/scratch/10992/liaorunlong93/casp16-leaderboard/diagnostics/reference_gap/rcsb_exact_sequence_probe_latest_all_candidates.tsv
T2270	10br	deferred	rcsb_exact_sequence_probe		sequence_search_hit_alignment_unverified			sequence_search_hit_alignment_unverified | 10BR_1 | Crystal structure of B. burgdorferi HtrA PDZ1-2 domains | 2026-06-17T00:00:00.000+00:00 | X-RAY DIFFRACTION	/scratch/10992/liaorunlong93/casp16-leaderboard/diagnostics/reference_gap/rcsb_exact_sequence_probe_latest_all_candidates.tsv
T1295	1klf	rejected	rcsb_exact_sequence_probe		candidate_entity_contained_in_target_sequence			local_sequence_hit_not_full_construct_do_not_promote | 1KLF_2 | FIMH ADHESIN-FIMC CHAPERONE COMPLEX WITH D-MANNOSE | 2002-06-05T00:00:00.000+00:00 | X-RAY DIFFRACTION	/scratch/10992/liaorunlong93/casp16-leaderboard/diagnostics/reference_gap/rcsb_exact_sequence_probe_latest_all_candidates.tsv
T1295	1qun	rejected	rcsb_exact_sequence_probe		candidate_entity_contained_in_target_sequence			local_sequence_hit_not_full_construct_do_not_promote | 1QUN_2 | X-RAY STRUCTURE OF THE FIMC-FIMH CHAPERONE ADHESIN COMPLEX FROM UROPATHOGENIC E.COLI | 1999-08-31T00:00:00.000+00:00 | X-RAY DIFFRACTION	/scratch/10992/liaorunlong93/casp16-leaderboard/diagnostics/reference_gap/rcsb_exact_sequence_probe_latest_all_candidates.tsv
T1295	4j3o	rejected	rcsb_exact_sequence_probe		candidate_entity_contained_in_target_sequence			local_sequence_hit_not_full_construct_do_not_promote | 4J3O_2 | Crystal structure of the FimD usher traversed by the pilus tip complex assembly composed of FimC:FimF:FimG:FimH | 2013-04-10T00:00:00.000+00:00 | X-RAY DIFFRACTION	/scratch/10992/liaorunlong93/casp16-leaderboard/diagnostics/reference_gap/rcsb_exact_sequence_probe_latest_all_candidates.tsv
T1295	4xo9	rejected	rcsb_exact_sequence_probe		candidate_entity_contained_in_target_sequence			local_sequence_hit_not_full_construct_do_not_promote | 4XO9_1 | Crystal structure of a FimH*DsG complex from E.coli K12 in space group C2 | 2016-01-27T00:00:00.000+00:00 | X-RAY DIFFRACTION	/scratch/10992/liaorunlong93/casp16-leaderboard/diagnostics/reference_gap/rcsb_exact_sequence_probe_latest_all_candidates.tsv
T1295	4xoa	rejected	rcsb_exact_sequence_probe		candidate_entity_contained_in_target_sequence			local_sequence_hit_not_full_construct_do_not_promote | 4XOA_2 | Crystal structure of a FimH*DsG complex from E.coli K12 in space group P1 | 2016-01-27T00:00:00.000+00:00 | X-RAY DIFFRACTION	/scratch/10992/liaorunlong93/casp16-leaderboard/diagnostics/reference_gap/rcsb_exact_sequence_probe_latest_all_candidates.tsv
T1295	4xob	rejected	rcsb_exact_sequence_probe		candidate_entity_contained_in_target_sequence			local_sequence_hit_not_full_construct_do_not_promote | 4XOB_1 | Crystal structure of a FimH*DsF complex from E.coli K12 with bound heptyl alpha-D-mannopyrannoside | 2016-01-27T00:00:00.000+00:00 | X-RAY DIFFRACTION	/scratch/10992/liaorunlong93/casp16-leaderboard/diagnostics/reference_gap/rcsb_exact_sequence_probe_latest_all_candidates.tsv
T1295	5mts	deferred	rcsb_exact_sequence_probe		sequence_search_hit_alignment_unverified			sequence_search_hit_alignment_unverified | 5MTS_1 | Complex of FimH lectin with a TazMan (thiazolylaminomannosides) family member known as potent anti-adhesive agent at 2.6 A resolution | 2017-03-15T00:00:00.000+00:00 | X-RAY DIFFRACTION	/scratch/10992/liaorunlong93/casp16-leaderboard/diagnostics/reference_gap/rcsb_exact_sequence_probe_latest_all_candidates.tsv
T1295	6e14	deferred	rcsb_exact_sequence_probe		sequence_search_hit_alignment_unverified			sequence_search_hit_alignment_unverified | 6E14_1 | Handover mechanism of the growing pilus by the bacterial outer membrane usher FimD | 2018-10-17T00:00:00.000+00:00 | ELECTRON MICROSCOPY	/scratch/10992/liaorunlong93/casp16-leaderboard/diagnostics/reference_gap/rcsb_exact_sequence_probe_latest_all_candidates.tsv
T1295	6e15	deferred	rcsb_exact_sequence_probe		sequence_search_hit_alignment_unverified			sequence_search_hit_alignment_unverified | 6E15_5 | Handover mechanism of the growing pilus by the bacterial outer membrane usher FimD | 2018-10-17T00:00:00.000+00:00 | ELECTRON MICROSCOPY	/scratch/10992/liaorunlong93/casp16-leaderboard/diagnostics/reference_gap/rcsb_exact_sequence_probe_latest_all_candidates.tsv
T1295	6yhw	deferred	rcsb_exact_sequence_probe		sequence_search_hit_alignment_unverified			sequence_search_hit_alignment_unverified | 6YHW_1 | Co-crystals in the P212121 space group, of a beta-cyclodextrin spacered by triazole heptyl from alpha-D-mannose, with FimH lectin at 2.00 A resolution. | 2020-05-06T00:00:00.000+00:00 | X-RAY DIFFRACTION	/scratch/10992/liaorunlong93/casp16-leaderboard/diagnostics/reference_gap/rcsb_exact_sequence_probe_latest_all_candidates.tsv
T1295	9bog	rejected	rcsb_exact_sequence_probe		candidate_entity_contained_in_target_sequence			local_sequence_hit_not_full_construct_do_not_promote | 9BOG_4 | Structural basis for adhesin secretion by the outer-membrane usher in type 1 pili | 2024-10-09T00:00:00.000+00:00 | ELECTRON MICROSCOPY	/scratch/10992/liaorunlong93/casp16-leaderboard/diagnostics/reference_gap/rcsb_exact_sequence_probe_latest_all_candidates.tsv
T1295	9fy9	rejected	rcsb_exact_sequence_probe		candidate_entity_contained_in_target_sequence			local_sequence_hit_not_full_construct_do_not_promote | 9FY9_5 | Cryo-EM structure of the type 1 chaperone-usher pilus FimD-tip complex (FimDHGFC) - Conformer 1 | 2025-06-04T00:00:00.000+00:00 | ELECTRON MICROSCOPY	/scratch/10992/liaorunlong93/casp16-leaderboard/diagnostics/reference_gap/rcsb_exact_sequence_probe_latest_all_candidates.tsv
T1295	9me4	deferred	rcsb_exact_sequence_probe		sequence_search_hit_alignment_unverified			sequence_search_hit_alignment_unverified | 9ME4_1 | Antibody fragments from mAb475 and mAb824 bound to the adhesin protein FimH | 2025-11-26T00:00:00.000+00:00 | ELECTRON MICROSCOPY	/scratch/10992/liaorunlong93/casp16-leaderboard/diagnostics/reference_gap/rcsb_exact_sequence_probe_latest_all_candidates.tsv
T1295	9me5	deferred	rcsb_exact_sequence_probe		sequence_search_hit_alignment_unverified			sequence_search_hit_alignment_unverified | 9ME5_1 | Antibody fragments from mAb824 and mAb926 bound to the adhesin protein FimH | 2025-11-26T00:00:00.000+00:00 | ELECTRON MICROSCOPY	/scratch/10992/liaorunlong93/casp16-leaderboard/diagnostics/reference_gap/rcsb_exact_sequence_probe_latest_all_candidates.tsv
T1295	9me6	deferred	rcsb_exact_sequence_probe		sequence_search_hit_alignment_unverified			sequence_search_hit_alignment_unverified | 9ME6_1 | Antibody fragments from mAb21, mAb475, and mAb824 bound to the adhesin protein FimH | 2025-11-26T00:00:00.000+00:00 | ELECTRON MICROSCOPY	/scratch/10992/liaorunlong93/casp16-leaderboard/diagnostics/reference_gap/rcsb_exact_sequence_probe_latest_all_candidates.tsv
T1295	9me7	deferred	rcsb_exact_sequence_probe		sequence_search_hit_alignment_unverified			sequence_search_hit_alignment_unverified | 9ME7_1 | Antibody fragments from mAb21 and mAb824 bound to the adhesin protein FimH containing alpha-methyl mannose | 2025-11-26T00:00:00.000+00:00 | ELECTRON MICROSCOPY	/scratch/10992/liaorunlong93/casp16-leaderboard/diagnostics/reference_gap/rcsb_exact_sequence_probe_latest_all_candidates.tsv
T1295	9ptm	deferred	rcsb_exact_sequence_probe		sequence_search_hit_alignment_unverified			sequence_search_hit_alignment_unverified | 9PTM_1 | Antibody fragment from mAb824 bound to the adhesin protein FimH. | 2025-11-26T00:00:00.000+00:00 | ELECTRON MICROSCOPY	/scratch/10992/liaorunlong93/casp16-leaderboard/diagnostics/reference_gap/rcsb_exact_sequence_probe_latest_all_candidates.tsv
T1295	3mcy	deferred	rcsb_exact_sequence_probe		sequence_search_hit_alignment_unverified			sequence_search_hit_alignment_unverified | 3MCY_1 | Crystal structure of FimH lectin domain bound to biphenyl mannoside meta-methyl ester. | 2010-06-16T00:00:00.000+00:00 | X-RAY DIFFRACTION	/scratch/10992/liaorunlong93/casp16-leaderboard/diagnostics/reference_gap/rcsb_exact_sequence_probe_latest_all_candidates.tsv
T1295	3bve	deferred	rcsb_exact_sequence_probe		sequence_search_hit_alignment_unverified			sequence_search_hit_alignment_unverified | 3BVE_1 | Structural basis for the iron uptake mechanism of Helicobacter pylori ferritin | 2009-01-13T00:00:00.000+00:00 | X-RAY DIFFRACTION	/scratch/10992/liaorunlong93/casp16-leaderboard/diagnostics/reference_gap/rcsb_exact_sequence_probe_latest_all_candidates.tsv
T1295	3bvf	deferred	rcsb_exact_sequence_probe		sequence_search_hit_alignment_unverified			sequence_search_hit_alignment_unverified | 3BVF_1 | Structural basis for the iron uptake mechanism of Helicobacter pylori ferritin | 2009-01-13T00:00:00.000+00:00 | X-RAY DIFFRACTION	/scratch/10992/liaorunlong93/casp16-leaderboard/diagnostics/reference_gap/rcsb_exact_sequence_probe_latest_all_candidates.tsv
T1295	3bvi	deferred	rcsb_exact_sequence_probe		sequence_search_hit_alignment_unverified			sequence_search_hit_alignment_unverified | 3BVI_1 | Structural basis for the iron uptake mechanism of Helicobacter pylori ferritin | 2009-01-13T00:00:00.000+00:00 | X-RAY DIFFRACTION	/scratch/10992/liaorunlong93/casp16-leaderboard/diagnostics/reference_gap/rcsb_exact_sequence_probe_latest_all_candidates.tsv
T1295	3bvk	deferred	rcsb_exact_sequence_probe		sequence_search_hit_alignment_unverified			sequence_search_hit_alignment_unverified | 3BVK_1 | Structural basis for the iron uptake mechanism of Helicobacter pylori ferritin | 2009-01-13T00:00:00.000+00:00 | X-RAY DIFFRACTION	/scratch/10992/liaorunlong93/casp16-leaderboard/diagnostics/reference_gap/rcsb_exact_sequence_probe_latest_all_candidates.tsv
T1295	3bvl	deferred	rcsb_exact_sequence_probe		sequence_search_hit_alignment_unverified			sequence_search_hit_alignment_unverified | 3BVL_1 | Structural basis for the iron uptake mechanism of Helicobacter pylori ferritin | 2009-01-13T00:00:00.000+00:00 | X-RAY DIFFRACTION	/scratch/10992/liaorunlong93/casp16-leaderboard/diagnostics/reference_gap/rcsb_exact_sequence_probe_latest_all_candidates.tsv
T1295	3egm	deferred	rcsb_exact_sequence_probe		sequence_search_hit_alignment_unverified			sequence_search_hit_alignment_unverified | 3EGM_1 | Structural basis of iron transport gating in Helicobacter pylori ferritin | 2009-07-28T00:00:00.000+00:00 | X-RAY DIFFRACTION	/scratch/10992/liaorunlong93/casp16-leaderboard/diagnostics/reference_gap/rcsb_exact_sequence_probe_latest_all_candidates.tsv
T1295	4css	deferred	rcsb_exact_sequence_probe		sequence_search_hit_alignment_unverified			sequence_search_hit_alignment_unverified | 4CSS_1 | Crystal structure of FimH in complex with a sulfonamide biphenyl alpha D-mannoside | 2015-02-25T00:00:00.000+00:00 | X-RAY DIFFRACTION	/scratch/10992/liaorunlong93/casp16-leaderboard/diagnostics/reference_gap/rcsb_exact_sequence_probe_latest_all_candidates.tsv
H1215	5ltr	deferred	rcsb_exact_sequence_probe		sequence_search_hit_alignment_unverified			sequence_search_hit_alignment_unverified | 5LTR_1 | Structure of the Yellow-Green Fluorescent Protein mNeonGreen from Branchiostoma lanceolatum at the near physiological pH 8.0 | 2016-12-07T00:00:00.000+00:00 | X-RAY DIFFRACTION	/scratch/10992/liaorunlong93/casp16-leaderboard/diagnostics/reference_gap/rcsb_exact_sequence_probe_latest_all_candidates.tsv
H1215	9fem	deferred	rcsb_exact_sequence_probe		sequence_search_hit_alignment_unverified			sequence_search_hit_alignment_unverified | 9FEM_1 | mNeonGreen - Directionality of Optical Properties of Fluorescent Proteins | 2025-06-04T00:00:00.000+00:00 | X-RAY DIFFRACTION	/scratch/10992/liaorunlong93/casp16-leaderboard/diagnostics/reference_gap/rcsb_exact_sequence_probe_latest_all_candidates.tsv
H1215	8y6h	deferred	rcsb_exact_sequence_probe		sequence_search_hit_alignment_unverified			sequence_search_hit_alignment_unverified | 8Y6H_1 | P-glycoprotein in complex with UIC2 Fab and triple elacridar molecules in LMNG detergent | 2024-04-17T00:00:00.000+00:00 | ELECTRON MICROSCOPY	/scratch/10992/liaorunlong93/casp16-leaderboard/diagnostics/reference_gap/rcsb_exact_sequence_probe_latest_all_candidates.tsv
H1215	8y6i	deferred	rcsb_exact_sequence_probe		sequence_search_hit_alignment_unverified			sequence_search_hit_alignment_unverified | 8Y6I_1 | P-glycoprotein in complex with UIC2 Fab and triple elacridar molecules in nanodisc | 2024-04-17T00:00:00.000+00:00 | ELECTRON MICROSCOPY	/scratch/10992/liaorunlong93/casp16-leaderboard/diagnostics/reference_gap/rcsb_exact_sequence_probe_latest_all_candidates.tsv
H0215	5ltr	deferred	rcsb_exact_sequence_probe		sequence_search_hit_alignment_unverified			sequence_search_hit_alignment_unverified | 5LTR_1 | Structure of the Yellow-Green Fluorescent Protein mNeonGreen from Branchiostoma lanceolatum at the near physiological pH 8.0 | 2016-12-07T00:00:00.000+00:00 | X-RAY DIFFRACTION	/scratch/10992/liaorunlong93/casp16-leaderboard/diagnostics/reference_gap/rcsb_exact_sequence_probe_latest_all_candidates.tsv
H0215	9fem	deferred	rcsb_exact_sequence_probe		sequence_search_hit_alignment_unverified			sequence_search_hit_alignment_unverified | 9FEM_1 | mNeonGreen - Directionality of Optical Properties of Fluorescent Proteins | 2025-06-04T00:00:00.000+00:00 | X-RAY DIFFRACTION	/scratch/10992/liaorunlong93/casp16-leaderboard/diagnostics/reference_gap/rcsb_exact_sequence_probe_latest_all_candidates.tsv
H0215	8y6h	deferred	rcsb_exact_sequence_probe		sequence_search_hit_alignment_unverified			sequence_search_hit_alignment_unverified | 8Y6H_1 | P-glycoprotein in complex with UIC2 Fab and triple elacridar molecules in LMNG detergent | 2024-04-17T00:00:00.000+00:00 | ELECTRON MICROSCOPY	/scratch/10992/liaorunlong93/casp16-leaderboard/diagnostics/reference_gap/rcsb_exact_sequence_probe_latest_all_candidates.tsv
H0215	8y6i	deferred	rcsb_exact_sequence_probe		sequence_search_hit_alignment_unverified			sequence_search_hit_alignment_unverified | 8Y6I_1 | P-glycoprotein in complex with UIC2 Fab and triple elacridar molecules in nanodisc | 2024-04-17T00:00:00.000+00:00 | ELECTRON MICROSCOPY	/scratch/10992/liaorunlong93/casp16-leaderboard/diagnostics/reference_gap/rcsb_exact_sequence_probe_latest_all_candidates.tsv
H2215	5ltr	deferred	rcsb_exact_sequence_probe		sequence_search_hit_alignment_unverified			sequence_search_hit_alignment_unverified | 5LTR_1 | Structure of the Yellow-Green Fluorescent Protein mNeonGreen from Branchiostoma lanceolatum at the near physiological pH 8.0 | 2016-12-07T00:00:00.000+00:00 | X-RAY DIFFRACTION	/scratch/10992/liaorunlong93/casp16-leaderboard/diagnostics/reference_gap/rcsb_exact_sequence_probe_latest_all_candidates.tsv
H2215	9fem	deferred	rcsb_exact_sequence_probe		sequence_search_hit_alignment_unverified			sequence_search_hit_alignment_unverified | 9FEM_1 | mNeonGreen - Directionality of Optical Properties of Fluorescent Proteins | 2025-06-04T00:00:00.000+00:00 | X-RAY DIFFRACTION	/scratch/10992/liaorunlong93/casp16-leaderboard/diagnostics/reference_gap/rcsb_exact_sequence_probe_latest_all_candidates.tsv
H2215	8y6h	deferred	rcsb_exact_sequence_probe		sequence_search_hit_alignment_unverified			sequence_search_hit_alignment_unverified | 8Y6H_1 | P-glycoprotein in complex with UIC2 Fab and triple elacridar molecules in LMNG detergent | 2024-04-17T00:00:00.000+00:00 | ELECTRON MICROSCOPY	/scratch/10992/liaorunlong93/casp16-leaderboard/diagnostics/reference_gap/rcsb_exact_sequence_probe_latest_all_candidates.tsv
H2215	8y6i	deferred	rcsb_exact_sequence_probe		sequence_search_hit_alignment_unverified			sequence_search_hit_alignment_unverified | 8Y6I_1 | P-glycoprotein in complex with UIC2 Fab and triple elacridar molecules in nanodisc | 2024-04-17T00:00:00.000+00:00 | ELECTRON MICROSCOPY	/scratch/10992/liaorunlong93/casp16-leaderboard/diagnostics/reference_gap/rcsb_exact_sequence_probe_latest_all_candidates.tsv
T2270O	10br	deferred	rcsb_exact_sequence_probe		sequence_search_hit_alignment_unverified			sequence_search_hit_alignment_unverified | 10BR_1 | Crystal structure of B. burgdorferi HtrA PDZ1-2 domains | 2026-06-17T00:00:00.000+00:00 | X-RAY DIFFRACTION	/scratch/10992/liaorunlong93/casp16-leaderboard/diagnostics/reference_gap/rcsb_exact_sequence_probe_latest_all_candidates.tsv
H0267	9qbl	candidate	rcsb_exact_sequence_probe		full_construct_exact_sequence	candidate_entity=2; asym_ids=B,D; auth_asym_ids=B,D; verify_native_chain_choice	protein_oligo_requires_biological_assembly_chain_stoichiometry_and_interface_mapping	full_construct_exact_candidate_needs_native_provenance_and_mapping | 9QBL_2 | Crystal structure of Xanthobacter autotrophicus SPARDA mutant lacking DREN nuclease domains | 2025-12-17T00:00:00.000+00:00 | X-RAY DIFFRACTION	/scratch/10992/liaorunlong93/casp16-leaderboard/diagnostics/reference_gap/rcsb_exact_sequence_probe_latest_all_candidates.tsv
H0267	9qbq	candidate	rcsb_exact_sequence_probe		full_construct_exact_sequence	candidate_entity=2; asym_ids=B,D; auth_asym_ids=B,D; verify_native_chain_choice	protein_oligo_requires_biological_assembly_chain_stoichiometry_and_interface_mapping	full_construct_exact_candidate_needs_native_provenance_and_mapping | 9QBQ_2 | Crystal structure of apo SPARDA complex from Xanthobacter autotrophicus | 2025-12-17T00:00:00.000+00:00 | X-RAY DIFFRACTION	/scratch/10992/liaorunlong93/casp16-leaderboard/diagnostics/reference_gap/rcsb_exact_sequence_probe_latest_all_candidates.tsv
H0267	9qcc	candidate	rcsb_exact_sequence_probe		full_construct_exact_sequence	candidate_entity=2; asym_ids=B,DA,F,J,N,R,V,Y; auth_asym_ids=B,F,J,N,R,V,X,Z; verify_native_chain_choice	protein_oligo_requires_biological_assembly_chain_stoichiometry_and_interface_mapping	full_construct_exact_candidate_needs_native_provenance_and_mapping | 9QCC_2 | Activated XauSPARDA filament assembly with bound dsDNA substrate | 2025-12-17T00:00:00.000+00:00 | ELECTRON MICROSCOPY	/scratch/10992/liaorunlong93/casp16-leaderboard/diagnostics/reference_gap/rcsb_exact_sequence_probe_latest_all_candidates.tsv
H1267	9qbl	candidate	rcsb_exact_sequence_probe		full_construct_exact_sequence	candidate_entity=2; asym_ids=B,D; auth_asym_ids=B,D; verify_native_chain_choice	protein_oligo_requires_biological_assembly_chain_stoichiometry_and_interface_mapping	full_construct_exact_candidate_needs_native_provenance_and_mapping | 9QBL_2 | Crystal structure of Xanthobacter autotrophicus SPARDA mutant lacking DREN nuclease domains | 2025-12-17T00:00:00.000+00:00 | X-RAY DIFFRACTION	/scratch/10992/liaorunlong93/casp16-leaderboard/diagnostics/reference_gap/rcsb_exact_sequence_probe_latest_all_candidates.tsv
H1267	9qbq	candidate	rcsb_exact_sequence_probe		full_construct_exact_sequence	candidate_entity=2; asym_ids=B,D; auth_asym_ids=B,D; verify_native_chain_choice	protein_oligo_requires_biological_assembly_chain_stoichiometry_and_interface_mapping	full_construct_exact_candidate_needs_native_provenance_and_mapping | 9QBQ_2 | Crystal structure of apo SPARDA complex from Xanthobacter autotrophicus | 2025-12-17T00:00:00.000+00:00 | X-RAY DIFFRACTION	/scratch/10992/liaorunlong93/casp16-leaderboard/diagnostics/reference_gap/rcsb_exact_sequence_probe_latest_all_candidates.tsv
H1267	9qcc	candidate	rcsb_exact_sequence_probe		full_construct_exact_sequence	candidate_entity=2; asym_ids=B,DA,F,J,N,R,V,Y; auth_asym_ids=B,F,J,N,R,V,X,Z; verify_native_chain_choice	protein_oligo_requires_biological_assembly_chain_stoichiometry_and_interface_mapping	full_construct_exact_candidate_needs_native_provenance_and_mapping | 9QCC_2 | Activated XauSPARDA filament assembly with bound dsDNA substrate | 2025-12-17T00:00:00.000+00:00 | ELECTRON MICROSCOPY	/scratch/10992/liaorunlong93/casp16-leaderboard/diagnostics/reference_gap/rcsb_exact_sequence_probe_latest_all_candidates.tsv
H2267	9qbl	candidate	rcsb_exact_sequence_probe		full_construct_exact_sequence	candidate_entity=2; asym_ids=B,D; auth_asym_ids=B,D; verify_native_chain_choice	protein_oligo_requires_biological_assembly_chain_stoichiometry_and_interface_mapping	full_construct_exact_candidate_needs_native_provenance_and_mapping | 9QBL_2 | Crystal structure of Xanthobacter autotrophicus SPARDA mutant lacking DREN nuclease domains | 2025-12-17T00:00:00.000+00:00 | X-RAY DIFFRACTION	/scratch/10992/liaorunlong93/casp16-leaderboard/diagnostics/reference_gap/rcsb_exact_sequence_probe_latest_all_candidates.tsv
H2267	9qbq	candidate	rcsb_exact_sequence_probe		full_construct_exact_sequence	candidate_entity=2; asym_ids=B,D; auth_asym_ids=B,D; verify_native_chain_choice	protein_oligo_requires_biological_assembly_chain_stoichiometry_and_interface_mapping	full_construct_exact_candidate_needs_native_provenance_and_mapping | 9QBQ_2 | Crystal structure of apo SPARDA complex from Xanthobacter autotrophicus | 2025-12-17T00:00:00.000+00:00 | X-RAY DIFFRACTION	/scratch/10992/liaorunlong93/casp16-leaderboard/diagnostics/reference_gap/rcsb_exact_sequence_probe_latest_all_candidates.tsv
H2267	9qcc	candidate	rcsb_exact_sequence_probe		full_construct_exact_sequence	candidate_entity=2; asym_ids=B,DA,F,J,N,R,V,Y; auth_asym_ids=B,F,J,N,R,V,X,Z; verify_native_chain_choice	protein_oligo_requires_biological_assembly_chain_stoichiometry_and_interface_mapping	full_construct_exact_candidate_needs_native_provenance_and_mapping | 9QCC_2 | Activated XauSPARDA filament assembly with bound dsDNA substrate | 2025-12-17T00:00:00.000+00:00 | ELECTRON MICROSCOPY	/scratch/10992/liaorunlong93/casp16-leaderboard/diagnostics/reference_gap/rcsb_exact_sequence_probe_latest_all_candidates.tsv
H1217	6ezo	candidate	rcsb_exact_sequence_probe		full_construct_exact_sequence	candidate_entity=5; asym_ids=I,J; auth_asym_ids=I,J; verify_native_chain_choice	protein_oligo_requires_biological_assembly_chain_stoichiometry_and_interface_mapping	full_construct_exact_candidate_needs_native_provenance_and_mapping | 6EZO_5 | Eukaryotic initiation factor EIF2B in complex with ISRIB | 2018-03-28T00:00:00.000+00:00 | ELECTRON MICROSCOPY	/scratch/10992/liaorunlong93/casp16-leaderboard/diagnostics/reference_gap/rcsb_exact_sequence_probe_latest_all_candidates.tsv
H1217	6k71	candidate	rcsb_exact_sequence_probe		full_construct_exact_sequence	candidate_entity=5; asym_ids=I,J; auth_asym_ids=I,J; verify_native_chain_choice	protein_oligo_requires_biological_assembly_chain_stoichiometry_and_interface_mapping	full_construct_exact_candidate_needs_native_provenance_and_mapping | 6K71_5 | eIF2 - eIF2B complex | 2019-07-10T00:00:00.000+00:00 | ELECTRON MICROSCOPY	/scratch/10992/liaorunlong93/casp16-leaderboard/diagnostics/reference_gap/rcsb_exact_sequence_probe_latest_all_candidates.tsv
H1217	6k72	candidate	rcsb_exact_sequence_probe		full_construct_exact_sequence	candidate_entity=5; asym_ids=I,J; auth_asym_ids=I,J; verify_native_chain_choice	protein_oligo_requires_biological_assembly_chain_stoichiometry_and_interface_mapping	full_construct_exact_candidate_needs_native_provenance_and_mapping | 6K72_5 | eIF2(aP) - eIF2B complex | 2019-07-10T00:00:00.000+00:00 | ELECTRON MICROSCOPY	/scratch/10992/liaorunlong93/casp16-leaderboard/diagnostics/reference_gap/rcsb_exact_sequence_probe_latest_all_candidates.tsv
H1217	6o85	candidate	rcsb_exact_sequence_probe		full_construct_exact_sequence	candidate_entity=1; asym_ids=A,B; auth_asym_ids=A,B; verify_native_chain_choice	protein_oligo_requires_biological_assembly_chain_stoichiometry_and_interface_mapping	full_construct_exact_candidate_needs_native_provenance_and_mapping | 6O85_1 | Electron cryo-microscopy of the eukaryotic translation initiation factor 2B bound to eukaryotic translation initiation factor 2 from Homo sapiens | 2019-05-15T00:00:00.000+00:00 | ELECTRON MICROSCOPY	/scratch/10992/liaorunlong93/casp16-leaderboard/diagnostics/reference_gap/rcsb_exact_sequence_probe_latest_all_candidates.tsv
H1217	7d43	candidate	rcsb_exact_sequence_probe		full_construct_exact_sequence	candidate_entity=5; asym_ids=I,J; auth_asym_ids=I,J; verify_native_chain_choice	protein_oligo_requires_biological_assembly_chain_stoichiometry_and_interface_mapping	full_construct_exact_candidate_needs_native_provenance_and_mapping | 7D43_5 | eIF2B-eIF2(aP), aPg complex | 2020-12-09T00:00:00.000+00:00 | ELECTRON MICROSCOPY	/scratch/10992/liaorunlong93/casp16-leaderboard/diagnostics/reference_gap/rcsb_exact_sequence_probe_latest_all_candidates.tsv
H1217	7d44	candidate	rcsb_exact_sequence_probe		full_construct_exact_sequence	candidate_entity=5; asym_ids=I,J; auth_asym_ids=I,J; verify_native_chain_choice	protein_oligo_requires_biological_assembly_chain_stoichiometry_and_interface_mapping	full_construct_exact_candidate_needs_native_provenance_and_mapping | 7D44_5 | eIF2B-eIF2(aP), aP2 complex | 2020-12-09T00:00:00.000+00:00 | ELECTRON MICROSCOPY	/scratch/10992/liaorunlong93/casp16-leaderboard/diagnostics/reference_gap/rcsb_exact_sequence_probe_latest_all_candidates.tsv
H1217	7d45	candidate	rcsb_exact_sequence_probe		full_construct_exact_sequence	candidate_entity=5; asym_ids=I,J; auth_asym_ids=I,J; verify_native_chain_choice	protein_oligo_requires_biological_assembly_chain_stoichiometry_and_interface_mapping	full_construct_exact_candidate_needs_native_provenance_and_mapping | 7D45_5 | eIF2B-eIF2(aP), aP1 complex | 2020-12-09T00:00:00.000+00:00 | ELECTRON MICROSCOPY	/scratch/10992/liaorunlong93/casp16-leaderboard/diagnostics/reference_gap/rcsb_exact_sequence_probe_latest_all_candidates.tsv
H1217	7d46	candidate	rcsb_exact_sequence_probe		full_construct_exact_sequence	candidate_entity=5; asym_ids=I,J; auth_asym_ids=I,J; verify_native_chain_choice	protein_oligo_requires_biological_assembly_chain_stoichiometry_and_interface_mapping	full_construct_exact_candidate_needs_native_provenance_and_mapping | 7D46_5 | eIF2B apo | 2020-12-09T00:00:00.000+00:00 | ELECTRON MICROSCOPY	/scratch/10992/liaorunlong93/casp16-leaderboard/diagnostics/reference_gap/rcsb_exact_sequence_probe_latest_all_candidates.tsv
H1217	7f64	candidate	rcsb_exact_sequence_probe		full_construct_exact_sequence	candidate_entity=5; asym_ids=I,J; auth_asym_ids=I,J; verify_native_chain_choice	protein_oligo_requires_biological_assembly_chain_stoichiometry_and_interface_mapping	full_construct_exact_candidate_needs_native_provenance_and_mapping | 7F64_5 | eIF2B-SFSV NSs | 2021-12-08T00:00:00.000+00:00 | ELECTRON MICROSCOPY	/scratch/10992/liaorunlong93/casp16-leaderboard/diagnostics/reference_gap/rcsb_exact_sequence_probe_latest_all_candidates.tsv
H1217	7f66	candidate	rcsb_exact_sequence_probe		full_construct_exact_sequence	candidate_entity=5; asym_ids=I,J; auth_asym_ids=I,J; verify_native_chain_choice	protein_oligo_requires_biological_assembly_chain_stoichiometry_and_interface_mapping	full_construct_exact_candidate_needs_native_provenance_and_mapping | 7F66_5 | eIF2B-SFSV NSs-1-eIF2 | 2021-12-01T00:00:00.000+00:00 | ELECTRON MICROSCOPY	/scratch/10992/liaorunlong93/casp16-leaderboard/diagnostics/reference_gap/rcsb_exact_sequence_probe_latest_all_candidates.tsv
H1217	7f67	candidate	rcsb_exact_sequence_probe		full_construct_exact_sequence	candidate_entity=5; asym_ids=I,J; auth_asym_ids=I,J; verify_native_chain_choice	protein_oligo_requires_biological_assembly_chain_stoichiometry_and_interface_mapping	full_construct_exact_candidate_needs_native_provenance_and_mapping | 7F67_5 | eIF2B-SFSV NSs-2-eIF2 | 2021-12-01T00:00:00.000+00:00 | ELECTRON MICROSCOPY	/scratch/10992/liaorunlong93/casp16-leaderboard/diagnostics/reference_gap/rcsb_exact_sequence_probe_latest_all_candidates.tsv
H1217	7kmf	candidate	rcsb_exact_sequence_probe		full_construct_exact_sequence	candidate_entity=4; asym_ids=G,H; auth_asym_ids=B,I; verify_native_chain_choice	protein_oligo_requires_biological_assembly_chain_stoichiometry_and_interface_mapping	full_construct_exact_candidate_needs_native_provenance_and_mapping | 7KMF_4 | Sugar phosphate activation of the stress sensor eIF2B | 2021-07-14T00:00:00.000+00:00 | ELECTRON MICROSCOPY	/scratch/10992/liaorunlong93/casp16-leaderboard/diagnostics/reference_gap/rcsb_exact_sequence_probe_latest_all_candidates.tsv
H1217	7rlo	candidate	rcsb_exact_sequence_probe		full_construct_exact_sequence	candidate_entity=1; asym_ids=A,B; auth_asym_ids=A,B; verify_native_chain_choice	protein_oligo_requires_biological_assembly_chain_stoichiometry_and_interface_mapping	full_construct_exact_candidate_needs_native_provenance_and_mapping | 7RLO_1 | Structure of the human eukaryotic translation initiation factor 2B (eIF2B) in complex with a viral protein NSs | 2021-12-22T00:00:00.000+00:00 | ELECTRON MICROSCOPY	/scratch/10992/liaorunlong93/casp16-leaderboard/diagnostics/reference_gap/rcsb_exact_sequence_probe_latest_all_candidates.tsv
H1217	7trj	candidate	rcsb_exact_sequence_probe		full_construct_exact_sequence	candidate_entity=1; asym_ids=A,F; auth_asym_ids=A,B; verify_native_chain_choice	protein_oligo_requires_biological_assembly_chain_stoichiometry_and_interface_mapping	full_construct_exact_candidate_needs_native_provenance_and_mapping | 7TRJ_1 | The eukaryotic translation initiation factor 2B from Homo sapiens with a H160D mutation in the beta subunit | 2022-04-27T00:00:00.000+00:00 | ELECTRON MICROSCOPY	/scratch/10992/liaorunlong93/casp16-leaderboard/diagnostics/reference_gap/rcsb_exact_sequence_probe_latest_all_candidates.tsv
H1217	7vlk	candidate	rcsb_exact_sequence_probe		full_construct_exact_sequence	candidate_entity=5; asym_ids=I,J; auth_asym_ids=I,J; verify_native_chain_choice	protein_oligo_requires_biological_assembly_chain_stoichiometry_and_interface_mapping	full_construct_exact_candidate_needs_native_provenance_and_mapping | 7VLK_5 | eIF2B-SFSV NSs C2-imposed | 2021-12-01T00:00:00.000+00:00 | ELECTRON MICROSCOPY	/scratch/10992/liaorunlong93/casp16-leaderboard/diagnostics/reference_gap/rcsb_exact_sequence_probe_latest_all_candidates.tsv
H1217	9hvd	candidate	rcsb_exact_sequence_probe		full_construct_exact_sequence	candidate_entity=3; asym_ids=C,H; auth_asym_ids=I,J; verify_native_chain_choice	protein_oligo_requires_biological_assembly_chain_stoichiometry_and_interface_mapping	full_construct_exact_candidate_needs_native_provenance_and_mapping | 9HVD_3 | Native human P-eIF2-eIF2B complex | 2025-11-19T00:00:00.000+00:00 | ELECTRON MICROSCOPY	/scratch/10992/liaorunlong93/casp16-leaderboard/diagnostics/reference_gap/rcsb_exact_sequence_probe_latest_all_candidates.tsv
H1217	9hve	candidate	rcsb_exact_sequence_probe		full_construct_exact_sequence	candidate_entity=3; asym_ids=D,L; auth_asym_ids=I,J; verify_native_chain_choice	protein_oligo_requires_biological_assembly_chain_stoichiometry_and_interface_mapping	full_construct_exact_candidate_needs_native_provenance_and_mapping | 9HVE_3 | Native human eIF2-eIF2B complex | 2025-11-19T00:00:00.000+00:00 | ELECTRON MICROSCOPY	/scratch/10992/liaorunlong93/casp16-leaderboard/diagnostics/reference_gap/rcsb_exact_sequence_probe_latest_all_candidates.tsv
H1217	9qc6	rejected	rcsb_exact_sequence_probe		target_sequence_contained_in_candidate_entity			partial_or_construct_variant_candidate_do_not_promote_without_mapping | 9QC6_5 | Structure of eIF2B decamer bound to (P)eIF2 alpha and Compound A-(S) | 2026-05-13T00:00:00.000+00:00 | ELECTRON MICROSCOPY	/scratch/10992/liaorunlong93/casp16-leaderboard/diagnostics/reference_gap/rcsb_exact_sequence_probe_latest_all_candidates.tsv
H1217	9y3v	candidate	rcsb_exact_sequence_probe		full_construct_exact_sequence	candidate_entity=1; asym_ids=A,B; auth_asym_ids=A,B; verify_native_chain_choice	protein_oligo_requires_biological_assembly_chain_stoichiometry_and_interface_mapping	full_construct_exact_candidate_needs_native_provenance_and_mapping | 9Y3V_1 | Eukaryotic translation initiation factor 2-B (eIF2B) bound to the viral effector AcP10 | 2026-06-24T00:00:00.000+00:00 | ELECTRON MICROSCOPY	/scratch/10992/liaorunlong93/casp16-leaderboard/diagnostics/reference_gap/rcsb_exact_sequence_probe_latest_all_candidates.tsv
H1217	9y4b	candidate	rcsb_exact_sequence_probe		full_construct_exact_sequence	candidate_entity=1; asym_ids=A,B; auth_asym_ids=A,B; verify_native_chain_choice	protein_oligo_requires_biological_assembly_chain_stoichiometry_and_interface_mapping	full_construct_exact_candidate_needs_native_provenance_and_mapping | 9Y4B_1 | Eukaryotic translation initiation factor 2-B (eIF2B) with a truncation in the beta subunit (active-like-state) bound to the viral effector AcP10 | 2026-06-24T00:00:00.000+00:00 | ELECTRON MICROSCOPY	/scratch/10992/liaorunlong93/casp16-leaderboard/diagnostics/reference_gap/rcsb_exact_sequence_probe_latest_all_candidates.tsv
H1217	9y4w	candidate	rcsb_exact_sequence_probe		full_construct_exact_sequence	candidate_entity=1; asym_ids=A,B; auth_asym_ids=A,B; verify_native_chain_choice	protein_oligo_requires_biological_assembly_chain_stoichiometry_and_interface_mapping	full_construct_exact_candidate_needs_native_provenance_and_mapping | 9Y4W_1 | Eukaryotic translation initiation factor 2-B (eIF2B) with a truncation in the beta subunit (active-like-state) asymmetrically bound to the viral effector AcP10 | 2026-06-24T00:00:00.000+00:00 | ELECTRON MICROSCOPY	/scratch/10992/liaorunlong93/casp16-leaderboard/diagnostics/reference_gap/rcsb_exact_sequence_probe_latest_all_candidates.tsv
H1217	9y3p	rejected	rcsb_exact_sequence_probe		candidate_entity_contained_in_target_sequence			local_sequence_hit_not_full_construct_do_not_promote | 9Y3P_1 | Eukaryotic translation initiation factor 2-B in its apo form (active-state) | 2026-06-24T00:00:00.000+00:00 | ELECTRON MICROSCOPY	/scratch/10992/liaorunlong93/casp16-leaderboard/diagnostics/reference_gap/rcsb_exact_sequence_probe_latest_all_candidates.tsv
H1217	9y3u	rejected	rcsb_exact_sequence_probe		candidate_entity_contained_in_target_sequence			local_sequence_hit_not_full_construct_do_not_promote | 9Y3U_1 | Eukaryotic translation initiation factor 2-B (eIF2B) with a truncation in the beta subunit (inactive state) | 2026-06-24T00:00:00.000+00:00 | ELECTRON MICROSCOPY	/scratch/10992/liaorunlong93/casp16-leaderboard/diagnostics/reference_gap/rcsb_exact_sequence_probe_latest_all_candidates.tsv
H0217	6ezo	candidate	rcsb_exact_sequence_probe		full_construct_exact_sequence	candidate_entity=5; asym_ids=I,J; auth_asym_ids=I,J; verify_native_chain_choice	protein_oligo_requires_biological_assembly_chain_stoichiometry_and_interface_mapping	full_construct_exact_candidate_needs_native_provenance_and_mapping | 6EZO_5 | Eukaryotic initiation factor EIF2B in complex with ISRIB | 2018-03-28T00:00:00.000+00:00 | ELECTRON MICROSCOPY	/scratch/10992/liaorunlong93/casp16-leaderboard/diagnostics/reference_gap/rcsb_exact_sequence_probe_latest_all_candidates.tsv
H0217	6k71	candidate	rcsb_exact_sequence_probe		full_construct_exact_sequence	candidate_entity=5; asym_ids=I,J; auth_asym_ids=I,J; verify_native_chain_choice	protein_oligo_requires_biological_assembly_chain_stoichiometry_and_interface_mapping	full_construct_exact_candidate_needs_native_provenance_and_mapping | 6K71_5 | eIF2 - eIF2B complex | 2019-07-10T00:00:00.000+00:00 | ELECTRON MICROSCOPY	/scratch/10992/liaorunlong93/casp16-leaderboard/diagnostics/reference_gap/rcsb_exact_sequence_probe_latest_all_candidates.tsv
H0217	6k72	candidate	rcsb_exact_sequence_probe		full_construct_exact_sequence	candidate_entity=5; asym_ids=I,J; auth_asym_ids=I,J; verify_native_chain_choice	protein_oligo_requires_biological_assembly_chain_stoichiometry_and_interface_mapping	full_construct_exact_candidate_needs_native_provenance_and_mapping | 6K72_5 | eIF2(aP) - eIF2B complex | 2019-07-10T00:00:00.000+00:00 | ELECTRON MICROSCOPY	/scratch/10992/liaorunlong93/casp16-leaderboard/diagnostics/reference_gap/rcsb_exact_sequence_probe_latest_all_candidates.tsv
H0217	6o85	candidate	rcsb_exact_sequence_probe		full_construct_exact_sequence	candidate_entity=1; asym_ids=A,B; auth_asym_ids=A,B; verify_native_chain_choice	protein_oligo_requires_biological_assembly_chain_stoichiometry_and_interface_mapping	full_construct_exact_candidate_needs_native_provenance_and_mapping | 6O85_1 | Electron cryo-microscopy of the eukaryotic translation initiation factor 2B bound to eukaryotic translation initiation factor 2 from Homo sapiens | 2019-05-15T00:00:00.000+00:00 | ELECTRON MICROSCOPY	/scratch/10992/liaorunlong93/casp16-leaderboard/diagnostics/reference_gap/rcsb_exact_sequence_probe_latest_all_candidates.tsv
H0217	7d43	candidate	rcsb_exact_sequence_probe		full_construct_exact_sequence	candidate_entity=5; asym_ids=I,J; auth_asym_ids=I,J; verify_native_chain_choice	protein_oligo_requires_biological_assembly_chain_stoichiometry_and_interface_mapping	full_construct_exact_candidate_needs_native_provenance_and_mapping | 7D43_5 | eIF2B-eIF2(aP), aPg complex | 2020-12-09T00:00:00.000+00:00 | ELECTRON MICROSCOPY	/scratch/10992/liaorunlong93/casp16-leaderboard/diagnostics/reference_gap/rcsb_exact_sequence_probe_latest_all_candidates.tsv
H0217	7d44	candidate	rcsb_exact_sequence_probe		full_construct_exact_sequence	candidate_entity=5; asym_ids=I,J; auth_asym_ids=I,J; verify_native_chain_choice	protein_oligo_requires_biological_assembly_chain_stoichiometry_and_interface_mapping	full_construct_exact_candidate_needs_native_provenance_and_mapping | 7D44_5 | eIF2B-eIF2(aP), aP2 complex | 2020-12-09T00:00:00.000+00:00 | ELECTRON MICROSCOPY	/scratch/10992/liaorunlong93/casp16-leaderboard/diagnostics/reference_gap/rcsb_exact_sequence_probe_latest_all_candidates.tsv
H0217	7d45	candidate	rcsb_exact_sequence_probe		full_construct_exact_sequence	candidate_entity=5; asym_ids=I,J; auth_asym_ids=I,J; verify_native_chain_choice	protein_oligo_requires_biological_assembly_chain_stoichiometry_and_interface_mapping	full_construct_exact_candidate_needs_native_provenance_and_mapping | 7D45_5 | eIF2B-eIF2(aP), aP1 complex | 2020-12-09T00:00:00.000+00:00 | ELECTRON MICROSCOPY	/scratch/10992/liaorunlong93/casp16-leaderboard/diagnostics/reference_gap/rcsb_exact_sequence_probe_latest_all_candidates.tsv
H0217	7d46	candidate	rcsb_exact_sequence_probe		full_construct_exact_sequence	candidate_entity=5; asym_ids=I,J; auth_asym_ids=I,J; verify_native_chain_choice	protein_oligo_requires_biological_assembly_chain_stoichiometry_and_interface_mapping	full_construct_exact_candidate_needs_native_provenance_and_mapping | 7D46_5 | eIF2B apo | 2020-12-09T00:00:00.000+00:00 | ELECTRON MICROSCOPY	/scratch/10992/liaorunlong93/casp16-leaderboard/diagnostics/reference_gap/rcsb_exact_sequence_probe_latest_all_candidates.tsv
H0217	7f64	candidate	rcsb_exact_sequence_probe		full_construct_exact_sequence	candidate_entity=5; asym_ids=I,J; auth_asym_ids=I,J; verify_native_chain_choice	protein_oligo_requires_biological_assembly_chain_stoichiometry_and_interface_mapping	full_construct_exact_candidate_needs_native_provenance_and_mapping | 7F64_5 | eIF2B-SFSV NSs | 2021-12-08T00:00:00.000+00:00 | ELECTRON MICROSCOPY	/scratch/10992/liaorunlong93/casp16-leaderboard/diagnostics/reference_gap/rcsb_exact_sequence_probe_latest_all_candidates.tsv
H0217	7f66	candidate	rcsb_exact_sequence_probe		full_construct_exact_sequence	candidate_entity=5; asym_ids=I,J; auth_asym_ids=I,J; verify_native_chain_choice	protein_oligo_requires_biological_assembly_chain_stoichiometry_and_interface_mapping	full_construct_exact_candidate_needs_native_provenance_and_mapping | 7F66_5 | eIF2B-SFSV NSs-1-eIF2 | 2021-12-01T00:00:00.000+00:00 | ELECTRON MICROSCOPY	/scratch/10992/liaorunlong93/casp16-leaderboard/diagnostics/reference_gap/rcsb_exact_sequence_probe_latest_all_candidates.tsv
H0217	7f67	candidate	rcsb_exact_sequence_probe		full_construct_exact_sequence	candidate_entity=5; asym_ids=I,J; auth_asym_ids=I,J; verify_native_chain_choice	protein_oligo_requires_biological_assembly_chain_stoichiometry_and_interface_mapping	full_construct_exact_candidate_needs_native_provenance_and_mapping | 7F67_5 | eIF2B-SFSV NSs-2-eIF2 | 2021-12-01T00:00:00.000+00:00 | ELECTRON MICROSCOPY	/scratch/10992/liaorunlong93/casp16-leaderboard/diagnostics/reference_gap/rcsb_exact_sequence_probe_latest_all_candidates.tsv
H0217	7kmf	candidate	rcsb_exact_sequence_probe		full_construct_exact_sequence	candidate_entity=4; asym_ids=G,H; auth_asym_ids=B,I; verify_native_chain_choice	protein_oligo_requires_biological_assembly_chain_stoichiometry_and_interface_mapping	full_construct_exact_candidate_needs_native_provenance_and_mapping | 7KMF_4 | Sugar phosphate activation of the stress sensor eIF2B | 2021-07-14T00:00:00.000+00:00 | ELECTRON MICROSCOPY	/scratch/10992/liaorunlong93/casp16-leaderboard/diagnostics/reference_gap/rcsb_exact_sequence_probe_latest_all_candidates.tsv
H0217	7rlo	candidate	rcsb_exact_sequence_probe		full_construct_exact_sequence	candidate_entity=1; asym_ids=A,B; auth_asym_ids=A,B; verify_native_chain_choice	protein_oligo_requires_biological_assembly_chain_stoichiometry_and_interface_mapping	full_construct_exact_candidate_needs_native_provenance_and_mapping | 7RLO_1 | Structure of the human eukaryotic translation initiation factor 2B (eIF2B) in complex with a viral protein NSs | 2021-12-22T00:00:00.000+00:00 | ELECTRON MICROSCOPY	/scratch/10992/liaorunlong93/casp16-leaderboard/diagnostics/reference_gap/rcsb_exact_sequence_probe_latest_all_candidates.tsv
H0217	7trj	candidate	rcsb_exact_sequence_probe		full_construct_exact_sequence	candidate_entity=1; asym_ids=A,F; auth_asym_ids=A,B; verify_native_chain_choice	protein_oligo_requires_biological_assembly_chain_stoichiometry_and_interface_mapping	full_construct_exact_candidate_needs_native_provenance_and_mapping | 7TRJ_1 | The eukaryotic translation initiation factor 2B from Homo sapiens with a H160D mutation in the beta subunit | 2022-04-27T00:00:00.000+00:00 | ELECTRON MICROSCOPY	/scratch/10992/liaorunlong93/casp16-leaderboard/diagnostics/reference_gap/rcsb_exact_sequence_probe_latest_all_candidates.tsv
H0217	7vlk	candidate	rcsb_exact_sequence_probe		full_construct_exact_sequence	candidate_entity=5; asym_ids=I,J; auth_asym_ids=I,J; verify_native_chain_choice	protein_oligo_requires_biological_assembly_chain_stoichiometry_and_interface_mapping	full_construct_exact_candidate_needs_native_provenance_and_mapping | 7VLK_5 | eIF2B-SFSV NSs C2-imposed | 2021-12-01T00:00:00.000+00:00 | ELECTRON MICROSCOPY	/scratch/10992/liaorunlong93/casp16-leaderboard/diagnostics/reference_gap/rcsb_exact_sequence_probe_latest_all_candidates.tsv
H0217	9hvd	candidate	rcsb_exact_sequence_probe		full_construct_exact_sequence	candidate_entity=3; asym_ids=C,H; auth_asym_ids=I,J; verify_native_chain_choice	protein_oligo_requires_biological_assembly_chain_stoichiometry_and_interface_mapping	full_construct_exact_candidate_needs_native_provenance_and_mapping | 9HVD_3 | Native human P-eIF2-eIF2B complex | 2025-11-19T00:00:00.000+00:00 | ELECTRON MICROSCOPY	/scratch/10992/liaorunlong93/casp16-leaderboard/diagnostics/reference_gap/rcsb_exact_sequence_probe_latest_all_candidates.tsv
H0217	9hve	candidate	rcsb_exact_sequence_probe		full_construct_exact_sequence	candidate_entity=3; asym_ids=D,L; auth_asym_ids=I,J; verify_native_chain_choice	protein_oligo_requires_biological_assembly_chain_stoichiometry_and_interface_mapping	full_construct_exact_candidate_needs_native_provenance_and_mapping | 9HVE_3 | Native human eIF2-eIF2B complex | 2025-11-19T00:00:00.000+00:00 | ELECTRON MICROSCOPY	/scratch/10992/liaorunlong93/casp16-leaderboard/diagnostics/reference_gap/rcsb_exact_sequence_probe_latest_all_candidates.tsv
H0217	9qc6	rejected	rcsb_exact_sequence_probe		target_sequence_contained_in_candidate_entity			partial_or_construct_variant_candidate_do_not_promote_without_mapping | 9QC6_5 | Structure of eIF2B decamer bound to (P)eIF2 alpha and Compound A-(S) | 2026-05-13T00:00:00.000+00:00 | ELECTRON MICROSCOPY	/scratch/10992/liaorunlong93/casp16-leaderboard/diagnostics/reference_gap/rcsb_exact_sequence_probe_latest_all_candidates.tsv
H0217	9y3v	candidate	rcsb_exact_sequence_probe		full_construct_exact_sequence	candidate_entity=1; asym_ids=A,B; auth_asym_ids=A,B; verify_native_chain_choice	protein_oligo_requires_biological_assembly_chain_stoichiometry_and_interface_mapping	full_construct_exact_candidate_needs_native_provenance_and_mapping | 9Y3V_1 | Eukaryotic translation initiation factor 2-B (eIF2B) bound to the viral effector AcP10 | 2026-06-24T00:00:00.000+00:00 | ELECTRON MICROSCOPY	/scratch/10992/liaorunlong93/casp16-leaderboard/diagnostics/reference_gap/rcsb_exact_sequence_probe_latest_all_candidates.tsv
H0217	9y4b	candidate	rcsb_exact_sequence_probe		full_construct_exact_sequence	candidate_entity=1; asym_ids=A,B; auth_asym_ids=A,B; verify_native_chain_choice	protein_oligo_requires_biological_assembly_chain_stoichiometry_and_interface_mapping	full_construct_exact_candidate_needs_native_provenance_and_mapping | 9Y4B_1 | Eukaryotic translation initiation factor 2-B (eIF2B) with a truncation in the beta subunit (active-like-state) bound to the viral effector AcP10 | 2026-06-24T00:00:00.000+00:00 | ELECTRON MICROSCOPY	/scratch/10992/liaorunlong93/casp16-leaderboard/diagnostics/reference_gap/rcsb_exact_sequence_probe_latest_all_candidates.tsv
H0217	9y4w	candidate	rcsb_exact_sequence_probe		full_construct_exact_sequence	candidate_entity=1; asym_ids=A,B; auth_asym_ids=A,B; verify_native_chain_choice	protein_oligo_requires_biological_assembly_chain_stoichiometry_and_interface_mapping	full_construct_exact_candidate_needs_native_provenance_and_mapping | 9Y4W_1 | Eukaryotic translation initiation factor 2-B (eIF2B) with a truncation in the beta subunit (active-like-state) asymmetrically bound to the viral effector AcP10 | 2026-06-24T00:00:00.000+00:00 | ELECTRON MICROSCOPY	/scratch/10992/liaorunlong93/casp16-leaderboard/diagnostics/reference_gap/rcsb_exact_sequence_probe_latest_all_candidates.tsv
H0217	9y3p	rejected	rcsb_exact_sequence_probe		candidate_entity_contained_in_target_sequence			local_sequence_hit_not_full_construct_do_not_promote | 9Y3P_1 | Eukaryotic translation initiation factor 2-B in its apo form (active-state) | 2026-06-24T00:00:00.000+00:00 | ELECTRON MICROSCOPY	/scratch/10992/liaorunlong93/casp16-leaderboard/diagnostics/reference_gap/rcsb_exact_sequence_probe_latest_all_candidates.tsv
H0217	9y3u	rejected	rcsb_exact_sequence_probe		candidate_entity_contained_in_target_sequence			local_sequence_hit_not_full_construct_do_not_promote | 9Y3U_1 | Eukaryotic translation initiation factor 2-B (eIF2B) with a truncation in the beta subunit (inactive state) | 2026-06-24T00:00:00.000+00:00 | ELECTRON MICROSCOPY	/scratch/10992/liaorunlong93/casp16-leaderboard/diagnostics/reference_gap/rcsb_exact_sequence_probe_latest_all_candidates.tsv
H2217	6ezo	candidate	rcsb_exact_sequence_probe		full_construct_exact_sequence	candidate_entity=5; asym_ids=I,J; auth_asym_ids=I,J; verify_native_chain_choice	protein_oligo_requires_biological_assembly_chain_stoichiometry_and_interface_mapping	full_construct_exact_candidate_needs_native_provenance_and_mapping | 6EZO_5 | Eukaryotic initiation factor EIF2B in complex with ISRIB | 2018-03-28T00:00:00.000+00:00 | ELECTRON MICROSCOPY	/scratch/10992/liaorunlong93/casp16-leaderboard/diagnostics/reference_gap/rcsb_exact_sequence_probe_latest_all_candidates.tsv
H2217	6k71	candidate	rcsb_exact_sequence_probe		full_construct_exact_sequence	candidate_entity=5; asym_ids=I,J; auth_asym_ids=I,J; verify_native_chain_choice	protein_oligo_requires_biological_assembly_chain_stoichiometry_and_interface_mapping	full_construct_exact_candidate_needs_native_provenance_and_mapping | 6K71_5 | eIF2 - eIF2B complex | 2019-07-10T00:00:00.000+00:00 | ELECTRON MICROSCOPY	/scratch/10992/liaorunlong93/casp16-leaderboard/diagnostics/reference_gap/rcsb_exact_sequence_probe_latest_all_candidates.tsv
H2217	6k72	candidate	rcsb_exact_sequence_probe		full_construct_exact_sequence	candidate_entity=5; asym_ids=I,J; auth_asym_ids=I,J; verify_native_chain_choice	protein_oligo_requires_biological_assembly_chain_stoichiometry_and_interface_mapping	full_construct_exact_candidate_needs_native_provenance_and_mapping | 6K72_5 | eIF2(aP) - eIF2B complex | 2019-07-10T00:00:00.000+00:00 | ELECTRON MICROSCOPY	/scratch/10992/liaorunlong93/casp16-leaderboard/diagnostics/reference_gap/rcsb_exact_sequence_probe_latest_all_candidates.tsv
H2217	6o85	candidate	rcsb_exact_sequence_probe		full_construct_exact_sequence	candidate_entity=1; asym_ids=A,B; auth_asym_ids=A,B; verify_native_chain_choice	protein_oligo_requires_biological_assembly_chain_stoichiometry_and_interface_mapping	full_construct_exact_candidate_needs_native_provenance_and_mapping | 6O85_1 | Electron cryo-microscopy of the eukaryotic translation initiation factor 2B bound to eukaryotic translation initiation factor 2 from Homo sapiens | 2019-05-15T00:00:00.000+00:00 | ELECTRON MICROSCOPY	/scratch/10992/liaorunlong93/casp16-leaderboard/diagnostics/reference_gap/rcsb_exact_sequence_probe_latest_all_candidates.tsv
H2217	7d43	candidate	rcsb_exact_sequence_probe		full_construct_exact_sequence	candidate_entity=5; asym_ids=I,J; auth_asym_ids=I,J; verify_native_chain_choice	protein_oligo_requires_biological_assembly_chain_stoichiometry_and_interface_mapping	full_construct_exact_candidate_needs_native_provenance_and_mapping | 7D43_5 | eIF2B-eIF2(aP), aPg complex | 2020-12-09T00:00:00.000+00:00 | ELECTRON MICROSCOPY	/scratch/10992/liaorunlong93/casp16-leaderboard/diagnostics/reference_gap/rcsb_exact_sequence_probe_latest_all_candidates.tsv
H2217	7d44	candidate	rcsb_exact_sequence_probe		full_construct_exact_sequence	candidate_entity=5; asym_ids=I,J; auth_asym_ids=I,J; verify_native_chain_choice	protein_oligo_requires_biological_assembly_chain_stoichiometry_and_interface_mapping	full_construct_exact_candidate_needs_native_provenance_and_mapping | 7D44_5 | eIF2B-eIF2(aP), aP2 complex | 2020-12-09T00:00:00.000+00:00 | ELECTRON MICROSCOPY	/scratch/10992/liaorunlong93/casp16-leaderboard/diagnostics/reference_gap/rcsb_exact_sequence_probe_latest_all_candidates.tsv
H2217	7d45	candidate	rcsb_exact_sequence_probe		full_construct_exact_sequence	candidate_entity=5; asym_ids=I,J; auth_asym_ids=I,J; verify_native_chain_choice	protein_oligo_requires_biological_assembly_chain_stoichiometry_and_interface_mapping	full_construct_exact_candidate_needs_native_provenance_and_mapping | 7D45_5 | eIF2B-eIF2(aP), aP1 complex | 2020-12-09T00:00:00.000+00:00 | ELECTRON MICROSCOPY	/scratch/10992/liaorunlong93/casp16-leaderboard/diagnostics/reference_gap/rcsb_exact_sequence_probe_latest_all_candidates.tsv
H2217	7d46	candidate	rcsb_exact_sequence_probe		full_construct_exact_sequence	candidate_entity=5; asym_ids=I,J; auth_asym_ids=I,J; verify_native_chain_choice	protein_oligo_requires_biological_assembly_chain_stoichiometry_and_interface_mapping	full_construct_exact_candidate_needs_native_provenance_and_mapping | 7D46_5 | eIF2B apo | 2020-12-09T00:00:00.000+00:00 | ELECTRON MICROSCOPY	/scratch/10992/liaorunlong93/casp16-leaderboard/diagnostics/reference_gap/rcsb_exact_sequence_probe_latest_all_candidates.tsv
H2217	7f64	candidate	rcsb_exact_sequence_probe		full_construct_exact_sequence	candidate_entity=5; asym_ids=I,J; auth_asym_ids=I,J; verify_native_chain_choice	protein_oligo_requires_biological_assembly_chain_stoichiometry_and_interface_mapping	full_construct_exact_candidate_needs_native_provenance_and_mapping | 7F64_5 | eIF2B-SFSV NSs | 2021-12-08T00:00:00.000+00:00 | ELECTRON MICROSCOPY	/scratch/10992/liaorunlong93/casp16-leaderboard/diagnostics/reference_gap/rcsb_exact_sequence_probe_latest_all_candidates.tsv
H2217	7f66	candidate	rcsb_exact_sequence_probe		full_construct_exact_sequence	candidate_entity=5; asym_ids=I,J; auth_asym_ids=I,J; verify_native_chain_choice	protein_oligo_requires_biological_assembly_chain_stoichiometry_and_interface_mapping	full_construct_exact_candidate_needs_native_provenance_and_mapping | 7F66_5 | eIF2B-SFSV NSs-1-eIF2 | 2021-12-01T00:00:00.000+00:00 | ELECTRON MICROSCOPY	/scratch/10992/liaorunlong93/casp16-leaderboard/diagnostics/reference_gap/rcsb_exact_sequence_probe_latest_all_candidates.tsv
H2217	7f67	candidate	rcsb_exact_sequence_probe		full_construct_exact_sequence	candidate_entity=5; asym_ids=I,J; auth_asym_ids=I,J; verify_native_chain_choice	protein_oligo_requires_biological_assembly_chain_stoichiometry_and_interface_mapping	full_construct_exact_candidate_needs_native_provenance_and_mapping | 7F67_5 | eIF2B-SFSV NSs-2-eIF2 | 2021-12-01T00:00:00.000+00:00 | ELECTRON MICROSCOPY	/scratch/10992/liaorunlong93/casp16-leaderboard/diagnostics/reference_gap/rcsb_exact_sequence_probe_latest_all_candidates.tsv
H2217	7kmf	candidate	rcsb_exact_sequence_probe		full_construct_exact_sequence	candidate_entity=4; asym_ids=G,H; auth_asym_ids=B,I; verify_native_chain_choice	protein_oligo_requires_biological_assembly_chain_stoichiometry_and_interface_mapping	full_construct_exact_candidate_needs_native_provenance_and_mapping | 7KMF_4 | Sugar phosphate activation of the stress sensor eIF2B | 2021-07-14T00:00:00.000+00:00 | ELECTRON MICROSCOPY	/scratch/10992/liaorunlong93/casp16-leaderboard/diagnostics/reference_gap/rcsb_exact_sequence_probe_latest_all_candidates.tsv
H2217	7rlo	candidate	rcsb_exact_sequence_probe		full_construct_exact_sequence	candidate_entity=1; asym_ids=A,B; auth_asym_ids=A,B; verify_native_chain_choice	protein_oligo_requires_biological_assembly_chain_stoichiometry_and_interface_mapping	full_construct_exact_candidate_needs_native_provenance_and_mapping | 7RLO_1 | Structure of the human eukaryotic translation initiation factor 2B (eIF2B) in complex with a viral protein NSs | 2021-12-22T00:00:00.000+00:00 | ELECTRON MICROSCOPY	/scratch/10992/liaorunlong93/casp16-leaderboard/diagnostics/reference_gap/rcsb_exact_sequence_probe_latest_all_candidates.tsv
H2217	7trj	candidate	rcsb_exact_sequence_probe		full_construct_exact_sequence	candidate_entity=1; asym_ids=A,F; auth_asym_ids=A,B; verify_native_chain_choice	protein_oligo_requires_biological_assembly_chain_stoichiometry_and_interface_mapping	full_construct_exact_candidate_needs_native_provenance_and_mapping | 7TRJ_1 | The eukaryotic translation initiation factor 2B from Homo sapiens with a H160D mutation in the beta subunit | 2022-04-27T00:00:00.000+00:00 | ELECTRON MICROSCOPY	/scratch/10992/liaorunlong93/casp16-leaderboard/diagnostics/reference_gap/rcsb_exact_sequence_probe_latest_all_candidates.tsv
H2217	7vlk	candidate	rcsb_exact_sequence_probe		full_construct_exact_sequence	candidate_entity=5; asym_ids=I,J; auth_asym_ids=I,J; verify_native_chain_choice	protein_oligo_requires_biological_assembly_chain_stoichiometry_and_interface_mapping	full_construct_exact_candidate_needs_native_provenance_and_mapping | 7VLK_5 | eIF2B-SFSV NSs C2-imposed | 2021-12-01T00:00:00.000+00:00 | ELECTRON MICROSCOPY	/scratch/10992/liaorunlong93/casp16-leaderboard/diagnostics/reference_gap/rcsb_exact_sequence_probe_latest_all_candidates.tsv
H2217	9hvd	candidate	rcsb_exact_sequence_probe		full_construct_exact_sequence	candidate_entity=3; asym_ids=C,H; auth_asym_ids=I,J; verify_native_chain_choice	protein_oligo_requires_biological_assembly_chain_stoichiometry_and_interface_mapping	full_construct_exact_candidate_needs_native_provenance_and_mapping | 9HVD_3 | Native human P-eIF2-eIF2B complex | 2025-11-19T00:00:00.000+00:00 | ELECTRON MICROSCOPY	/scratch/10992/liaorunlong93/casp16-leaderboard/diagnostics/reference_gap/rcsb_exact_sequence_probe_latest_all_candidates.tsv
H2217	9hve	candidate	rcsb_exact_sequence_probe		full_construct_exact_sequence	candidate_entity=3; asym_ids=D,L; auth_asym_ids=I,J; verify_native_chain_choice	protein_oligo_requires_biological_assembly_chain_stoichiometry_and_interface_mapping	full_construct_exact_candidate_needs_native_provenance_and_mapping | 9HVE_3 | Native human eIF2-eIF2B complex | 2025-11-19T00:00:00.000+00:00 | ELECTRON MICROSCOPY	/scratch/10992/liaorunlong93/casp16-leaderboard/diagnostics/reference_gap/rcsb_exact_sequence_probe_latest_all_candidates.tsv
H2217	9qc6	rejected	rcsb_exact_sequence_probe		target_sequence_contained_in_candidate_entity			partial_or_construct_variant_candidate_do_not_promote_without_mapping | 9QC6_5 | Structure of eIF2B decamer bound to (P)eIF2 alpha and Compound A-(S) | 2026-05-13T00:00:00.000+00:00 | ELECTRON MICROSCOPY	/scratch/10992/liaorunlong93/casp16-leaderboard/diagnostics/reference_gap/rcsb_exact_sequence_probe_latest_all_candidates.tsv
H2217	9y3v	candidate	rcsb_exact_sequence_probe		full_construct_exact_sequence	candidate_entity=1; asym_ids=A,B; auth_asym_ids=A,B; verify_native_chain_choice	protein_oligo_requires_biological_assembly_chain_stoichiometry_and_interface_mapping	full_construct_exact_candidate_needs_native_provenance_and_mapping | 9Y3V_1 | Eukaryotic translation initiation factor 2-B (eIF2B) bound to the viral effector AcP10 | 2026-06-24T00:00:00.000+00:00 | ELECTRON MICROSCOPY	/scratch/10992/liaorunlong93/casp16-leaderboard/diagnostics/reference_gap/rcsb_exact_sequence_probe_latest_all_candidates.tsv
H2217	9y4b	candidate	rcsb_exact_sequence_probe		full_construct_exact_sequence	candidate_entity=1; asym_ids=A,B; auth_asym_ids=A,B; verify_native_chain_choice	protein_oligo_requires_biological_assembly_chain_stoichiometry_and_interface_mapping	full_construct_exact_candidate_needs_native_provenance_and_mapping | 9Y4B_1 | Eukaryotic translation initiation factor 2-B (eIF2B) with a truncation in the beta subunit (active-like-state) bound to the viral effector AcP10 | 2026-06-24T00:00:00.000+00:00 | ELECTRON MICROSCOPY	/scratch/10992/liaorunlong93/casp16-leaderboard/diagnostics/reference_gap/rcsb_exact_sequence_probe_latest_all_candidates.tsv
H2217	9y4w	candidate	rcsb_exact_sequence_probe		full_construct_exact_sequence	candidate_entity=1; asym_ids=A,B; auth_asym_ids=A,B; verify_native_chain_choice	protein_oligo_requires_biological_assembly_chain_stoichiometry_and_interface_mapping	full_construct_exact_candidate_needs_native_provenance_and_mapping | 9Y4W_1 | Eukaryotic translation initiation factor 2-B (eIF2B) with a truncation in the beta subunit (active-like-state) asymmetrically bound to the viral effector AcP10 | 2026-06-24T00:00:00.000+00:00 | ELECTRON MICROSCOPY	/scratch/10992/liaorunlong93/casp16-leaderboard/diagnostics/reference_gap/rcsb_exact_sequence_probe_latest_all_candidates.tsv
H2217	9y3p	rejected	rcsb_exact_sequence_probe		candidate_entity_contained_in_target_sequence			local_sequence_hit_not_full_construct_do_not_promote | 9Y3P_1 | Eukaryotic translation initiation factor 2-B in its apo form (active-state) | 2026-06-24T00:00:00.000+00:00 | ELECTRON MICROSCOPY	/scratch/10992/liaorunlong93/casp16-leaderboard/diagnostics/reference_gap/rcsb_exact_sequence_probe_latest_all_candidates.tsv
H2217	9y3u	rejected	rcsb_exact_sequence_probe		candidate_entity_contained_in_target_sequence			local_sequence_hit_not_full_construct_do_not_promote | 9Y3U_1 | Eukaryotic translation initiation factor 2-B (eIF2B) with a truncation in the beta subunit (inactive state) | 2026-06-24T00:00:00.000+00:00 | ELECTRON MICROSCOPY	/scratch/10992/liaorunlong93/casp16-leaderboard/diagnostics/reference_gap/rcsb_exact_sequence_probe_latest_all_candidates.tsv
T1295O	1klf	rejected	rcsb_exact_sequence_probe		candidate_entity_contained_in_target_sequence			local_sequence_hit_not_full_construct_do_not_promote | 1KLF_2 | FIMH ADHESIN-FIMC CHAPERONE COMPLEX WITH D-MANNOSE | 2002-06-05T00:00:00.000+00:00 | X-RAY DIFFRACTION	/scratch/10992/liaorunlong93/casp16-leaderboard/diagnostics/reference_gap/rcsb_exact_sequence_probe_latest_all_candidates.tsv
T1295O	1qun	rejected	rcsb_exact_sequence_probe		candidate_entity_contained_in_target_sequence			local_sequence_hit_not_full_construct_do_not_promote | 1QUN_2 | X-RAY STRUCTURE OF THE FIMC-FIMH CHAPERONE ADHESIN COMPLEX FROM UROPATHOGENIC E.COLI | 1999-08-31T00:00:00.000+00:00 | X-RAY DIFFRACTION	/scratch/10992/liaorunlong93/casp16-leaderboard/diagnostics/reference_gap/rcsb_exact_sequence_probe_latest_all_candidates.tsv
T1295O	4j3o	rejected	rcsb_exact_sequence_probe		candidate_entity_contained_in_target_sequence			local_sequence_hit_not_full_construct_do_not_promote | 4J3O_2 | Crystal structure of the FimD usher traversed by the pilus tip complex assembly composed of FimC:FimF:FimG:FimH | 2013-04-10T00:00:00.000+00:00 | X-RAY DIFFRACTION	/scratch/10992/liaorunlong93/casp16-leaderboard/diagnostics/reference_gap/rcsb_exact_sequence_probe_latest_all_candidates.tsv
T1295O	4xo9	rejected	rcsb_exact_sequence_probe		candidate_entity_contained_in_target_sequence			local_sequence_hit_not_full_construct_do_not_promote | 4XO9_1 | Crystal structure of a FimH*DsG complex from E.coli K12 in space group C2 | 2016-01-27T00:00:00.000+00:00 | X-RAY DIFFRACTION	/scratch/10992/liaorunlong93/casp16-leaderboard/diagnostics/reference_gap/rcsb_exact_sequence_probe_latest_all_candidates.tsv
T1295O	4xoa	rejected	rcsb_exact_sequence_probe		candidate_entity_contained_in_target_sequence			local_sequence_hit_not_full_construct_do_not_promote | 4XOA_2 | Crystal structure of a FimH*DsG complex from E.coli K12 in space group P1 | 2016-01-27T00:00:00.000+00:00 | X-RAY DIFFRACTION	/scratch/10992/liaorunlong93/casp16-leaderboard/diagnostics/reference_gap/rcsb_exact_sequence_probe_latest_all_candidates.tsv
T1295O	4xob	rejected	rcsb_exact_sequence_probe		candidate_entity_contained_in_target_sequence			local_sequence_hit_not_full_construct_do_not_promote | 4XOB_1 | Crystal structure of a FimH*DsF complex from E.coli K12 with bound heptyl alpha-D-mannopyrannoside | 2016-01-27T00:00:00.000+00:00 | X-RAY DIFFRACTION	/scratch/10992/liaorunlong93/casp16-leaderboard/diagnostics/reference_gap/rcsb_exact_sequence_probe_latest_all_candidates.tsv
T1295O	5mts	deferred	rcsb_exact_sequence_probe		sequence_search_hit_alignment_unverified			sequence_search_hit_alignment_unverified | 5MTS_1 | Complex of FimH lectin with a TazMan (thiazolylaminomannosides) family member known as potent anti-adhesive agent at 2.6 A resolution | 2017-03-15T00:00:00.000+00:00 | X-RAY DIFFRACTION	/scratch/10992/liaorunlong93/casp16-leaderboard/diagnostics/reference_gap/rcsb_exact_sequence_probe_latest_all_candidates.tsv
T1295O	6e14	deferred	rcsb_exact_sequence_probe		sequence_search_hit_alignment_unverified			sequence_search_hit_alignment_unverified | 6E14_1 | Handover mechanism of the growing pilus by the bacterial outer membrane usher FimD | 2018-10-17T00:00:00.000+00:00 | ELECTRON MICROSCOPY	/scratch/10992/liaorunlong93/casp16-leaderboard/diagnostics/reference_gap/rcsb_exact_sequence_probe_latest_all_candidates.tsv
T1295O	6e15	deferred	rcsb_exact_sequence_probe		sequence_search_hit_alignment_unverified			sequence_search_hit_alignment_unverified | 6E15_5 | Handover mechanism of the growing pilus by the bacterial outer membrane usher FimD | 2018-10-17T00:00:00.000+00:00 | ELECTRON MICROSCOPY	/scratch/10992/liaorunlong93/casp16-leaderboard/diagnostics/reference_gap/rcsb_exact_sequence_probe_latest_all_candidates.tsv
T1295O	6yhw	deferred	rcsb_exact_sequence_probe		sequence_search_hit_alignment_unverified			sequence_search_hit_alignment_unverified | 6YHW_1 | Co-crystals in the P212121 space group, of a beta-cyclodextrin spacered by triazole heptyl from alpha-D-mannose, with FimH lectin at 2.00 A resolution. | 2020-05-06T00:00:00.000+00:00 | X-RAY DIFFRACTION	/scratch/10992/liaorunlong93/casp16-leaderboard/diagnostics/reference_gap/rcsb_exact_sequence_probe_latest_all_candidates.tsv
T1295O	9bog	rejected	rcsb_exact_sequence_probe		candidate_entity_contained_in_target_sequence			local_sequence_hit_not_full_construct_do_not_promote | 9BOG_4 | Structural basis for adhesin secretion by the outer-membrane usher in type 1 pili | 2024-10-09T00:00:00.000+00:00 | ELECTRON MICROSCOPY	/scratch/10992/liaorunlong93/casp16-leaderboard/diagnostics/reference_gap/rcsb_exact_sequence_probe_latest_all_candidates.tsv
T1295O	9fy9	rejected	rcsb_exact_sequence_probe		candidate_entity_contained_in_target_sequence			local_sequence_hit_not_full_construct_do_not_promote | 9FY9_5 | Cryo-EM structure of the type 1 chaperone-usher pilus FimD-tip complex (FimDHGFC) - Conformer 1 | 2025-06-04T00:00:00.000+00:00 | ELECTRON MICROSCOPY	/scratch/10992/liaorunlong93/casp16-leaderboard/diagnostics/reference_gap/rcsb_exact_sequence_probe_latest_all_candidates.tsv
T1295O	9me4	deferred	rcsb_exact_sequence_probe		sequence_search_hit_alignment_unverified			sequence_search_hit_alignment_unverified | 9ME4_1 | Antibody fragments from mAb475 and mAb824 bound to the adhesin protein FimH | 2025-11-26T00:00:00.000+00:00 | ELECTRON MICROSCOPY	/scratch/10992/liaorunlong93/casp16-leaderboard/diagnostics/reference_gap/rcsb_exact_sequence_probe_latest_all_candidates.tsv
T1295O	9me5	deferred	rcsb_exact_sequence_probe		sequence_search_hit_alignment_unverified			sequence_search_hit_alignment_unverified | 9ME5_1 | Antibody fragments from mAb824 and mAb926 bound to the adhesin protein FimH | 2025-11-26T00:00:00.000+00:00 | ELECTRON MICROSCOPY	/scratch/10992/liaorunlong93/casp16-leaderboard/diagnostics/reference_gap/rcsb_exact_sequence_probe_latest_all_candidates.tsv
T1295O	9me6	deferred	rcsb_exact_sequence_probe		sequence_search_hit_alignment_unverified			sequence_search_hit_alignment_unverified | 9ME6_1 | Antibody fragments from mAb21, mAb475, and mAb824 bound to the adhesin protein FimH | 2025-11-26T00:00:00.000+00:00 | ELECTRON MICROSCOPY	/scratch/10992/liaorunlong93/casp16-leaderboard/diagnostics/reference_gap/rcsb_exact_sequence_probe_latest_all_candidates.tsv
T1295O	9me7	deferred	rcsb_exact_sequence_probe		sequence_search_hit_alignment_unverified			sequence_search_hit_alignment_unverified | 9ME7_1 | Antibody fragments from mAb21 and mAb824 bound to the adhesin protein FimH containing alpha-methyl mannose | 2025-11-26T00:00:00.000+00:00 | ELECTRON MICROSCOPY	/scratch/10992/liaorunlong93/casp16-leaderboard/diagnostics/reference_gap/rcsb_exact_sequence_probe_latest_all_candidates.tsv
T1295O	9ptm	deferred	rcsb_exact_sequence_probe		sequence_search_hit_alignment_unverified			sequence_search_hit_alignment_unverified | 9PTM_1 | Antibody fragment from mAb824 bound to the adhesin protein FimH. | 2025-11-26T00:00:00.000+00:00 | ELECTRON MICROSCOPY	/scratch/10992/liaorunlong93/casp16-leaderboard/diagnostics/reference_gap/rcsb_exact_sequence_probe_latest_all_candidates.tsv
T1295O	3mcy	deferred	rcsb_exact_sequence_probe		sequence_search_hit_alignment_unverified			sequence_search_hit_alignment_unverified | 3MCY_1 | Crystal structure of FimH lectin domain bound to biphenyl mannoside meta-methyl ester. | 2010-06-16T00:00:00.000+00:00 | X-RAY DIFFRACTION	/scratch/10992/liaorunlong93/casp16-leaderboard/diagnostics/reference_gap/rcsb_exact_sequence_probe_latest_all_candidates.tsv
T1295O	3bve	deferred	rcsb_exact_sequence_probe		sequence_search_hit_alignment_unverified			sequence_search_hit_alignment_unverified | 3BVE_1 | Structural basis for the iron uptake mechanism of Helicobacter pylori ferritin | 2009-01-13T00:00:00.000+00:00 | X-RAY DIFFRACTION	/scratch/10992/liaorunlong93/casp16-leaderboard/diagnostics/reference_gap/rcsb_exact_sequence_probe_latest_all_candidates.tsv
T1295O	3bvf	deferred	rcsb_exact_sequence_probe		sequence_search_hit_alignment_unverified			sequence_search_hit_alignment_unverified | 3BVF_1 | Structural basis for the iron uptake mechanism of Helicobacter pylori ferritin | 2009-01-13T00:00:00.000+00:00 | X-RAY DIFFRACTION	/scratch/10992/liaorunlong93/casp16-leaderboard/diagnostics/reference_gap/rcsb_exact_sequence_probe_latest_all_candidates.tsv
T1295O	3bvi	deferred	rcsb_exact_sequence_probe		sequence_search_hit_alignment_unverified			sequence_search_hit_alignment_unverified | 3BVI_1 | Structural basis for the iron uptake mechanism of Helicobacter pylori ferritin | 2009-01-13T00:00:00.000+00:00 | X-RAY DIFFRACTION	/scratch/10992/liaorunlong93/casp16-leaderboard/diagnostics/reference_gap/rcsb_exact_sequence_probe_latest_all_candidates.tsv
T1295O	3bvk	deferred	rcsb_exact_sequence_probe		sequence_search_hit_alignment_unverified			sequence_search_hit_alignment_unverified | 3BVK_1 | Structural basis for the iron uptake mechanism of Helicobacter pylori ferritin | 2009-01-13T00:00:00.000+00:00 | X-RAY DIFFRACTION	/scratch/10992/liaorunlong93/casp16-leaderboard/diagnostics/reference_gap/rcsb_exact_sequence_probe_latest_all_candidates.tsv
T1295O	3bvl	deferred	rcsb_exact_sequence_probe		sequence_search_hit_alignment_unverified			sequence_search_hit_alignment_unverified | 3BVL_1 | Structural basis for the iron uptake mechanism of Helicobacter pylori ferritin | 2009-01-13T00:00:00.000+00:00 | X-RAY DIFFRACTION	/scratch/10992/liaorunlong93/casp16-leaderboard/diagnostics/reference_gap/rcsb_exact_sequence_probe_latest_all_candidates.tsv
T1295O	3egm	deferred	rcsb_exact_sequence_probe		sequence_search_hit_alignment_unverified			sequence_search_hit_alignment_unverified | 3EGM_1 | Structural basis of iron transport gating in Helicobacter pylori ferritin | 2009-07-28T00:00:00.000+00:00 | X-RAY DIFFRACTION	/scratch/10992/liaorunlong93/casp16-leaderboard/diagnostics/reference_gap/rcsb_exact_sequence_probe_latest_all_candidates.tsv
T1295O	4css	deferred	rcsb_exact_sequence_probe		sequence_search_hit_alignment_unverified			sequence_search_hit_alignment_unverified | 4CSS_1 | Crystal structure of FimH in complex with a sulfonamide biphenyl alpha D-mannoside | 2015-02-25T00:00:00.000+00:00 | X-RAY DIFFRACTION	/scratch/10992/liaorunlong93/casp16-leaderboard/diagnostics/reference_gap/rcsb_exact_sequence_probe_latest_all_candidates.tsv
