target_id	track	sequence_lookup_id	source_alias	sequence_kind	target_length	hit	pdb_id	entity_id	entry_title	release_date	experimental_method	entity_description	asym_ids	auth_asym_ids	entity_length	target_sequence_equals_entity	target_sequence_contained_in_entity	entity_sequence_contained_in_target	candidate_status	entry_error	entity_error
T1257	protein_domain	T1257	T1257	proteinChain	1263	5AQ5_1	5AQ5	1	Structure of the Carboxy-Terminal Domain of the Bacteriophage T5 L- Shaped Tail Fibre	2015-12-16T00:00:00.000+00:00	X-RAY DIFFRACTION	L-SHAPED TAIL FIBER PROTEIN PB8	A,B,C,D,E,F,G,H,I,J,K,L	A,B,C,D,E,F,G,H,I,J,K,L	328	false	false	false	sequence_search_hit_alignment_unverified	none	none
T1257	protein_domain	T1257	T1257	proteinChain	1263	4UW7_1	4UW7	1	Structure of the carboxy-terminal domain of the bacteriophage T5 L- shaped tail fiber without its intra-molecular chaperone domain	2015-08-05T00:00:00.000+00:00	X-RAY DIFFRACTION	L-SHAPED TAIL FIBER PROTEIN	A,B,C	A,B,C	294	false	false	false	sequence_search_hit_alignment_unverified	none	none
T1257	protein_domain	T1257	T1257	proteinChain	1263	4UW8_1	4UW8	1	Structure of the carboxy-terminal domain of the bacteriophage T5 L- shaped tail fiber with its intra-molecular chaperone domain	2015-08-05T00:00:00.000+00:00	X-RAY DIFFRACTION	L-SHAPED TAIL FIBER PROTEIN	A,B,C,D,E,F,G,H,I	A,B,C,D,E,F,G,H,I	427	false	false	false	sequence_search_hit_alignment_unverified	none	none
T0257	protein_domain	T0257	T0257	proteinChain	1263	5AQ5_1	5AQ5	1	Structure of the Carboxy-Terminal Domain of the Bacteriophage T5 L- Shaped Tail Fibre	2015-12-16T00:00:00.000+00:00	X-RAY DIFFRACTION	L-SHAPED TAIL FIBER PROTEIN PB8	A,B,C,D,E,F,G,H,I,J,K,L	A,B,C,D,E,F,G,H,I,J,K,L	328	false	false	false	sequence_search_hit_alignment_unverified	none	none
T0257	protein_domain	T0257	T0257	proteinChain	1263	4UW7_1	4UW7	1	Structure of the carboxy-terminal domain of the bacteriophage T5 L- shaped tail fiber without its intra-molecular chaperone domain	2015-08-05T00:00:00.000+00:00	X-RAY DIFFRACTION	L-SHAPED TAIL FIBER PROTEIN	A,B,C	A,B,C	294	false	false	false	sequence_search_hit_alignment_unverified	none	none
T0257	protein_domain	T0257	T0257	proteinChain	1263	4UW8_1	4UW8	1	Structure of the carboxy-terminal domain of the bacteriophage T5 L- shaped tail fiber with its intra-molecular chaperone domain	2015-08-05T00:00:00.000+00:00	X-RAY DIFFRACTION	L-SHAPED TAIL FIBER PROTEIN	A,B,C,D,E,F,G,H,I	A,B,C,D,E,F,G,H,I	427	false	false	false	sequence_search_hit_alignment_unverified	none	none
T2257	protein_domain	T2257	T2257	proteinChain	1263	5AQ5_1	5AQ5	1	Structure of the Carboxy-Terminal Domain of the Bacteriophage T5 L- Shaped Tail Fibre	2015-12-16T00:00:00.000+00:00	X-RAY DIFFRACTION	L-SHAPED TAIL FIBER PROTEIN PB8	A,B,C,D,E,F,G,H,I,J,K,L	A,B,C,D,E,F,G,H,I,J,K,L	328	false	false	false	sequence_search_hit_alignment_unverified	none	none
T2257	protein_domain	T2257	T2257	proteinChain	1263	4UW7_1	4UW7	1	Structure of the carboxy-terminal domain of the bacteriophage T5 L- shaped tail fiber without its intra-molecular chaperone domain	2015-08-05T00:00:00.000+00:00	X-RAY DIFFRACTION	L-SHAPED TAIL FIBER PROTEIN	A,B,C	A,B,C	294	false	false	false	sequence_search_hit_alignment_unverified	none	none
T2257	protein_domain	T2257	T2257	proteinChain	1263	4UW8_1	4UW8	1	Structure of the carboxy-terminal domain of the bacteriophage T5 L- shaped tail fiber with its intra-molecular chaperone domain	2015-08-05T00:00:00.000+00:00	X-RAY DIFFRACTION	L-SHAPED TAIL FIBER PROTEIN	A,B,C,D,E,F,G,H,I	A,B,C,D,E,F,G,H,I	427	false	false	false	sequence_search_hit_alignment_unverified	none	none
