category,rank,group,target_count,mean_primary_score,median_primary_score,best_primary_score,primary_metric
hybrid,1,063,4,0.710500,0.941000,0.959000,QSglob
hybrid,2,325,12,0.541750,0.466500,0.967000,QSglob
hybrid,3,159,13,0.496846,0.441000,0.967000,QSglob
hybrid,4,400,2,0.484000,0.484000,0.968000,QSglob
hybrid,5,044s,2,0.480000,0.480000,0.793000,QSglob
hybrid,6,183,2,0.470500,0.470500,0.941000,QSglob
hybrid,7,417,2,0.470500,0.470500,0.941000,QSglob
hybrid,8,317,2,0.470500,0.470500,0.941000,QSglob
hybrid,9,110s,20,0.456150,0.386000,0.970000,QSglob
hybrid,10,091,14,0.449714,0.418500,0.929000,QSglob
hybrid,11,051,9,0.439667,0.352000,0.963000,QSglob
hybrid,12,345,9,0.439333,0.377000,0.944000,QSglob
hybrid,13,462,20,0.435000,0.341000,0.938000,QSglob
hybrid,14,189,9,0.431667,0.371000,0.937000,QSglob
hybrid,15,208s,16,0.427312,0.355500,0.934000,QSglob
hybrid,16,369,16,0.424750,0.340500,0.937000,QSglob
hybrid,17,294,20,0.422650,0.433500,0.964000,QSglob
hybrid,18,143,10,0.412100,0.314000,0.920000,QSglob
hybrid,19,262,20,0.411400,0.388000,0.933000,QSglob
hybrid,20,286,20,0.403650,0.355500,0.964000,QSglob
hybrid,21,338,15,0.402000,0.382000,0.973000,QSglob
hybrid,22,006,5,0.401800,0.655000,0.675000,QSglob
hybrid,23,033,17,0.397294,0.440000,0.965000,QSglob
hybrid,24,225,2,0.396500,0.396500,0.793000,QSglob
hybrid,25,481,20,0.394350,0.341000,0.967000,QSglob
hybrid,26,028s,20,0.385150,0.329000,0.940000,QSglob
hybrid,27,489,7,0.380571,0.407000,0.568000,QSglob
hybrid,28,231,17,0.378529,0.292000,0.970000,QSglob
hybrid,29,241,20,0.374150,0.277000,0.963000,QSglob
hybrid,30,272,15,0.360200,0.280000,0.970000,QSglob
hybrid,31,235,10,0.358100,0.312500,0.964000,QSglob
hybrid,32,304s,20,0.349200,0.202500,0.964000,QSglob
hybrid,33,448,3,0.341667,0.105000,0.920000,QSglob
hybrid,34,425s,9,0.337222,0.242000,0.932000,QSglob
hybrid,35,319s,9,0.337222,0.242000,0.932000,QSglob
hybrid,36,331s,9,0.333444,0.237000,0.932000,QSglob
hybrid,37,450s,17,0.329824,0.264000,0.958000,QSglob
hybrid,38,167,19,0.302579,0.175000,0.937000,QSglob
hybrid,39,022,3,0.286000,0.211000,0.460000,QSglob
hybrid,40,204,5,0.278400,0.328000,0.538000,QSglob
hybrid,41,014,19,0.266526,0.189000,0.877000,QSglob
hybrid,42,147s,1,0.204000,0.204000,0.204000,QSglob
hybrid,43,267s,12,0.202000,0.000000,0.822000,QSglob
hybrid,44,456s,2,0.193000,0.193000,0.204000,QSglob
hybrid,45,494,2,0.191500,0.191500,0.202000,QSglob
hybrid,46,471s,1,0.182000,0.182000,0.182000,QSglob
hybrid,47,052s,3,0.164667,0.186000,0.212000,QSglob
hybrid,48,163s,1,0.158000,0.158000,0.158000,QSglob
hybrid,49,301,1,0.147000,0.147000,0.147000,QSglob
hybrid,50,284s,1,0.147000,0.147000,0.147000,QSglob
hybrid,51,075s,1,0.147000,0.147000,0.147000,QSglob
hybrid,52,375s,1,0.147000,0.147000,0.147000,QSglob
hybrid,53,475s,1,0.147000,0.147000,0.147000,QSglob
hybrid,54,274,3,0.127667,0.181000,0.202000,QSglob
hybrid,55,164,1,0.119000,0.119000,0.119000,QSglob
hybrid,56,323,2,0.102000,0.102000,0.119000,QSglob
hybrid,57,015,1,0.086000,0.086000,0.086000,QSglob
prot_domains,1,189,2,97.555000,97.555000,98.070000,GDT_TS
prot_domains,2,386,1,96.730000,96.730000,96.730000,GDT_TS
prot_domains,3,276,2,96.565000,96.565000,96.650000,GDT_TS
prot_domains,4,218,17,95.873529,96.150000,100.000000,GDT_TS
prot_domains,5,481,7,95.640000,95.930000,97.040000,GDT_TS
prot_domains,6,204,26,95.593846,96.740000,100.000000,GDT_TS
prot_domains,7,028s,49,95.428980,96.520000,99.410000,GDT_TS
prot_domains,8,290,21,94.923810,96.070000,100.000000,GDT_TS
prot_domains,9,033,6,93.823333,95.925000,97.220000,GDT_TS
prot_domains,10,231,6,93.480000,95.035000,97.590000,GDT_TS
prot_domains,11,171,20,93.250500,95.890000,99.760000,GDT_TS
prot_domains,12,494,35,93.197143,96.190000,99.710000,GDT_TS
prot_domains,13,274,35,93.083714,96.190000,99.710000,GDT_TS
prot_domains,14,456s,70,92.843714,95.820000,100.000000,GDT_TS
prot_domains,15,262,43,92.777674,94.810000,100.000000,GDT_TS
prot_domains,16,489,26,92.776154,95.425000,99.240000,GDT_TS
prot_domains,17,022,72,92.753056,95.710000,100.000000,GDT_TS
prot_domains,18,110s,72,92.434583,95.915000,99.870000,GDT_TS
prot_domains,19,325,5,92.332000,94.810000,95.560000,GDT_TS
prot_domains,20,008,6,92.270000,93.930000,95.360000,GDT_TS
prot_domains,21,191,20,92.244000,95.480000,100.000000,GDT_TS
prot_domains,22,322,31,92.179032,95.980000,100.000000,GDT_TS
prot_domains,23,052s,70,92.142143,95.880000,100.000000,GDT_TS
prot_domains,24,462,72,92.140139,96.120000,100.000000,GDT_TS
prot_domains,25,159,5,92.074000,94.810000,95.560000,GDT_TS
prot_domains,26,174s,1,92.070000,92.070000,92.070000,GDT_TS
prot_domains,27,219s,29,91.992414,95.980000,99.710000,GDT_TS
prot_domains,28,091,34,91.991765,95.525000,99.870000,GDT_TS
prot_domains,29,051,72,91.599028,95.965000,100.000000,GDT_TS
prot_domains,30,345,72,91.530139,96.130000,100.000000,GDT_TS
prot_domains,31,294,72,91.494722,94.750000,100.000000,GDT_TS
prot_domains,32,085,20,91.163500,93.685000,100.000000,GDT_TS
prot_domains,33,015,71,91.137465,94.760000,100.000000,GDT_TS
prot_domains,34,425s,47,91.091277,96.280000,100.000000,GDT_TS
prot_domains,35,019s,72,91.021667,95.955000,99.870000,GDT_TS
prot_domains,36,049,1,91.010000,91.010000,91.010000,GDT_TS
prot_domains,37,319s,47,90.898723,96.230000,100.000000,GDT_TS
prot_domains,38,147s,72,90.826389,96.030000,99.870000,GDT_TS
prot_domains,39,331s,47,90.755106,96.230000,100.000000,GDT_TS
prot_domains,40,380,17,90.668235,94.510000,100.000000,GDT_TS
prot_domains,41,312s,70,90.563000,95.310000,100.000000,GDT_TS
prot_domains,42,419,72,90.426111,94.180000,100.000000,GDT_TS
prot_domains,43,148s,72,90.372083,95.570000,99.720000,GDT_TS
prot_domains,44,393,35,90.229143,95.710000,100.000000,GDT_TS
prot_domains,45,221,72,90.032083,94.965000,99.760000,GDT_TS
prot_domains,46,468,11,90.016364,96.580000,100.000000,GDT_TS
prot_domains,47,164,72,89.989306,93.220000,99.720000,GDT_TS
prot_domains,48,304s,72,89.529444,95.355000,100.000000,GDT_TS
prot_domains,49,298,68,89.489706,95.560000,100.000000,GDT_TS
prot_domains,50,271,1,89.480000,89.480000,89.480000,GDT_TS
prot_domains,51,465,61,89.475738,94.220000,100.000000,GDT_TS
prot_domains,52,264,71,89.308732,95.280000,100.000000,GDT_TS
prot_domains,53,241,72,89.283889,95.670000,100.000000,GDT_TS
prot_domains,54,323,30,89.283333,93.890000,100.000000,GDT_TS
prot_domains,55,397,20,89.255500,95.100000,100.000000,GDT_TS
prot_domains,56,375s,56,89.221250,94.600000,100.000000,GDT_TS
prot_domains,57,163s,72,89.147917,93.145000,99.760000,GDT_TS
prot_domains,58,369,59,88.793390,94.240000,100.000000,GDT_TS
prot_domains,59,122s,70,88.728000,94.920000,100.000000,GDT_TS
prot_domains,60,286,72,88.676250,94.330000,99.720000,GDT_TS
prot_domains,61,059,72,88.590972,92.865000,100.000000,GDT_TS
prot_domains,62,351,2,88.520000,88.520000,88.520000,GDT_TS
prot_domains,63,267s,71,88.459437,94.560000,100.000000,GDT_TS
prot_domains,64,293,72,88.374722,94.795000,100.000000,GDT_TS
prot_domains,65,079s,72,88.367778,94.795000,100.000000,GDT_TS
prot_domains,66,031,33,88.230909,92.910000,99.720000,GDT_TS
prot_domains,67,301,71,88.173662,94.610000,100.000000,GDT_TS
prot_domains,68,235,69,88.120725,95.150000,100.000000,GDT_TS
prot_domains,69,208s,71,88.076901,94.960000,100.000000,GDT_TS
prot_domains,70,287,62,88.045161,94.750000,100.000000,GDT_TS
prot_domains,71,145s,60,87.978333,92.565000,100.000000,GDT_TS
prot_domains,72,075s,71,87.809296,94.610000,100.000000,GDT_TS
prot_domains,73,284s,71,87.775634,94.610000,100.000000,GDT_TS
prot_domains,74,196,70,87.570429,93.000000,100.000000,GDT_TS
prot_domains,75,475s,70,87.550429,95.230000,100.000000,GDT_TS
prot_domains,76,358,30,87.548333,94.435000,100.000000,GDT_TS
prot_domains,77,388s,72,87.536944,92.960000,99.720000,GDT_TS
prot_domains,78,314s,66,87.483182,94.220000,100.000000,GDT_TS
prot_domains,79,272,67,87.446269,93.960000,100.000000,GDT_TS
prot_domains,80,014,71,87.144930,94.760000,99.720000,GDT_TS
prot_domains,81,269s,71,87.056901,94.160000,100.000000,GDT_TS
prot_domains,82,198s,60,86.748833,92.660000,100.000000,GDT_TS
prot_domains,83,143,1,86.160000,86.160000,86.160000,GDT_TS
prot_domains,84,311,53,86.095472,93.330000,100.000000,GDT_TS
prot_domains,85,139,72,85.948889,89.990000,100.000000,GDT_TS
prot_domains,86,017,58,85.752759,93.720000,99.870000,GDT_TS
prot_domains,87,112,58,85.552586,92.965000,99.870000,GDT_TS
prot_domains,88,423s,61,85.458525,95.240000,99.720000,GDT_TS
prot_domains,89,187,28,84.968214,93.415000,99.530000,GDT_TS
prot_domains,90,338,3,83.530000,83.420000,97.580000,GDT_TS
prot_domains,91,212,72,83.236389,93.235000,100.000000,GDT_TS
prot_domains,92,471s,1,83.160000,83.160000,83.160000,GDT_TS
prot_domains,93,117,11,82.761818,85.630000,98.820000,GDT_TS
prot_domains,94,167,47,82.456809,91.200000,100.000000,GDT_TS
prot_domains,95,450s,59,80.894068,89.790000,100.000000,GDT_TS
prot_domains,96,261,67,79.488657,87.880000,99.530000,GDT_TS
prot_domains,97,040,57,76.346667,89.520000,98.800000,GDT_TS
prot_domains,98,023,37,75.923784,89.900000,99.560000,GDT_TS
prot_domains,99,400,6,75.776667,74.465000,98.450000,GDT_TS
prot_domains,100,197,2,75.540000,75.540000,93.910000,GDT_TS
prot_domains,101,120,63,73.485397,81.620000,94.410000,GDT_TS
prot_domains,102,337s,18,71.148333,91.130000,99.710000,GDT_TS
prot_domains,103,114s,18,70.461667,90.460000,99.120000,GDT_TS
prot_domains,104,300s,18,70.327778,90.460000,99.410000,GDT_TS
prot_domains,105,361s,67,69.829254,78.690000,94.120000,GDT_TS
prot_domains,106,357,4,67.992500,69.775000,78.910000,GDT_TS
prot_domains,107,281,1,58.080000,58.080000,58.080000,GDT_TS
prot_domains,108,355,1,57.380000,57.380000,57.380000,GDT_TS
prot_domains,109,376,9,56.195556,35.070000,98.530000,GDT_TS
prot_domains,110,132s,8,46.877500,57.995000,75.460000,GDT_TS
prot_domains,111,138,3,22.756667,21.190000,37.300000,GDT_TS
prot_domains,112,105,36,14.405556,12.550000,49.240000,GDT_TS
prot_oligo,1,271,1,0.838000,0.838000,0.838000,QSglob
prot_oligo,2,174s,3,0.755667,0.867000,0.923000,QSglob
prot_oligo,3,049,5,0.717200,0.874000,0.934000,QSglob
prot_oligo,4,358,2,0.653000,0.653000,0.653000,QSglob
prot_oligo,5,204,58,0.633138,0.652500,0.967000,QSglob
prot_oligo,6,051,104,0.606500,0.615500,0.977000,QSglob
prot_oligo,7,345,104,0.605817,0.622500,0.977000,QSglob
prot_oligo,8,290,57,0.603474,0.587000,0.970000,QSglob
prot_oligo,9,456s,102,0.594039,0.637000,0.972000,QSglob
prot_oligo,10,052s,102,0.593118,0.637000,0.972000,QSglob
prot_oligo,11,022,103,0.586767,0.628000,0.972000,QSglob
prot_oligo,12,294,103,0.582864,0.633000,0.971000,QSglob
prot_oligo,13,331s,70,0.580286,0.613500,0.977000,QSglob
prot_oligo,14,319s,70,0.579886,0.613500,0.975000,QSglob
prot_oligo,15,274,94,0.578160,0.637000,0.967000,QSglob
prot_oligo,16,465,76,0.575118,0.615500,0.968000,QSglob
prot_oligo,17,091,75,0.573973,0.560000,0.973000,QSglob
prot_oligo,18,397,33,0.573939,0.630000,0.970000,QSglob
prot_oligo,19,494,93,0.571387,0.623000,0.967000,QSglob
prot_oligo,20,425s,70,0.566071,0.576500,0.972000,QSglob
prot_oligo,21,031,41,0.565171,0.559000,0.968000,QSglob
prot_oligo,22,085,58,0.550672,0.573500,0.965000,QSglob
prot_oligo,23,489,58,0.548603,0.552500,0.966000,QSglob
prot_oligo,24,171,57,0.547667,0.601000,0.971000,QSglob
prot_oligo,25,110s,104,0.543327,0.549500,0.972000,QSglob
prot_oligo,26,462,104,0.542308,0.568000,0.972000,QSglob
prot_oligo,27,059,104,0.541163,0.589000,0.970000,QSglob
prot_oligo,28,276,6,0.540500,0.554000,0.817000,QSglob
prot_oligo,29,028s,104,0.537240,0.543000,0.971000,QSglob
prot_oligo,30,241,103,0.534136,0.535000,0.971000,QSglob
prot_oligo,31,218,42,0.533095,0.556000,0.959000,QSglob
prot_oligo,32,147s,104,0.531269,0.544000,0.972000,QSglob
prot_oligo,33,221,103,0.526660,0.522000,0.970000,QSglob
prot_oligo,34,468,28,0.526250,0.569000,0.968000,QSglob
prot_oligo,35,312s,100,0.524390,0.503000,0.970000,QSglob
prot_oligo,36,287,73,0.523548,0.524000,0.970000,QSglob
prot_oligo,37,419,103,0.521320,0.520000,0.968000,QSglob
prot_oligo,38,304s,101,0.519198,0.536000,0.971000,QSglob
prot_oligo,39,148s,101,0.518584,0.548000,0.968000,QSglob
prot_oligo,40,015,98,0.515714,0.536000,0.969000,QSglob
prot_oligo,41,322,85,0.514447,0.518000,0.971000,QSglob
prot_oligo,42,262,103,0.510194,0.530000,0.968000,QSglob
prot_oligo,43,145s,72,0.509264,0.567000,0.973000,QSglob
prot_oligo,44,388s,100,0.507490,0.523500,0.969000,QSglob
prot_oligo,45,164,103,0.506845,0.537000,0.973000,QSglob
prot_oligo,46,117,30,0.506067,0.523000,0.887000,QSglob
prot_oligo,47,267s,92,0.505272,0.532000,0.972000,QSglob
prot_oligo,48,264,100,0.504900,0.492000,0.967000,QSglob
prot_oligo,49,286,103,0.503680,0.535000,0.969000,QSglob
prot_oligo,50,284s,101,0.501485,0.492000,0.971000,QSglob
prot_oligo,51,122s,98,0.500490,0.519000,0.971000,QSglob
prot_oligo,52,198s,72,0.500111,0.519500,0.973000,QSglob
prot_oligo,53,475s,99,0.499586,0.506000,0.969000,QSglob
prot_oligo,54,272,101,0.497079,0.517000,0.966000,QSglob
prot_oligo,55,393,92,0.496022,0.486500,0.967000,QSglob
prot_oligo,56,075s,101,0.495525,0.506000,0.971000,QSglob
prot_oligo,57,298,96,0.494365,0.503000,0.973000,QSglob
prot_oligo,58,163s,103,0.493748,0.518000,0.974000,QSglob
prot_oligo,59,219s,80,0.491625,0.501500,0.968000,QSglob
prot_oligo,60,139,102,0.490735,0.530000,0.970000,QSglob
prot_oligo,61,380,51,0.488137,0.472000,0.969000,QSglob
prot_oligo,62,008,13,0.487769,0.392000,0.836000,QSglob
prot_oligo,63,369,84,0.479060,0.492000,0.973000,QSglob
prot_oligo,64,014,102,0.473157,0.474500,0.970000,QSglob
prot_oligo,65,375s,92,0.471011,0.483000,0.970000,QSglob
prot_oligo,66,208s,93,0.465473,0.448000,0.972000,QSglob
prot_oligo,67,450s,77,0.464000,0.448000,0.972000,QSglob
prot_oligo,68,301,103,0.463544,0.443000,0.971000,QSglob
prot_oligo,69,079s,92,0.462870,0.446500,0.974000,QSglob
prot_oligo,70,423s,74,0.462014,0.496000,0.969000,QSglob
prot_oligo,71,293,92,0.461707,0.446500,0.974000,QSglob
prot_oligo,72,314s,3,0.451667,0.298000,0.770000,QSglob
prot_oligo,73,023,64,0.448031,0.497000,0.968000,QSglob
prot_oligo,74,311,83,0.441602,0.476000,0.972000,QSglob
prot_oligo,75,191,52,0.440154,0.358000,0.965000,QSglob
prot_oligo,76,323,78,0.435538,0.428500,0.968000,QSglob
prot_oligo,77,196,95,0.435263,0.473000,0.973000,QSglob
prot_oligo,78,167,70,0.430400,0.370000,0.972000,QSglob
prot_oligo,79,187,69,0.393304,0.389000,0.970000,QSglob
prot_oligo,80,040,75,0.345253,0.317000,0.959000,QSglob
prot_oligo,81,261,94,0.323851,0.249000,0.952000,QSglob
prot_oligo,82,400,6,0.310333,0.250500,0.858000,QSglob
prot_oligo,83,300s,45,0.210378,0.066000,0.880000,QSglob
prot_oligo,84,114s,44,0.203818,0.065500,0.880000,QSglob
prot_oligo,85,337s,45,0.196956,0.026000,0.879000,QSglob
prot_oligo,86,132s,3,0.145333,0.023000,0.412000,QSglob
prot_oligo,87,209,1,0.128000,0.128000,0.128000,QSglob
prot_oligo,88,019s,1,0.017000,0.017000,0.017000,QSglob
prot_oligo,89,197,1,0.000000,0.000000,0.000000,QSglob
rna_mono,1,020,4,0.785000,0.755000,0.990000,GDT_TS
rna_mono,2,147,1,0.740000,0.740000,0.740000,GDT_TS
rna_mono,3,202,2,0.675000,0.675000,0.690000,GDT_TS
rna_mono,4,026,1,0.660000,0.660000,0.660000,GDT_TS
rna_mono,5,055,6,0.655000,0.680000,0.980000,GDT_TS
rna_mono,6,408,6,0.630000,0.650000,0.990000,GDT_TS
rna_mono,7,447,2,0.590000,0.590000,0.610000,GDT_TS
rna_mono,8,464,6,0.501667,0.540000,0.710000,GDT_TS
rna_mono,9,367,3,0.473333,0.460000,0.500000,GDT_TS
rna_mono,10,403,6,0.473333,0.505000,0.670000,GDT_TS
rna_mono,11,091,14,0.460000,0.445000,0.730000,GDT_TS
rna_mono,12,400,6,0.453333,0.455000,0.590000,GDT_TS
rna_mono,13,165,26,0.441538,0.500000,0.660000,GDT_TS
rna_mono,14,307,20,0.436500,0.500000,0.660000,GDT_TS
rna_mono,15,276,6,0.435000,0.500000,0.580000,GDT_TS
rna_mono,16,143,11,0.430909,0.310000,0.820000,GDT_TS
rna_mono,17,227,6,0.416667,0.330000,0.710000,GDT_TS
rna_mono,18,238,41,0.399268,0.340000,0.990000,GDT_TS
rna_mono,19,481,49,0.384490,0.360000,0.980000,GDT_TS
rna_mono,20,331,1,0.380000,0.380000,0.380000,GDT_TS
rna_mono,21,063,42,0.377143,0.355000,0.980000,GDT_TS
rna_mono,22,448,42,0.376429,0.330000,0.960000,GDT_TS
rna_mono,23,183,49,0.376122,0.360000,0.990000,GDT_TS
rna_mono,24,052,48,0.367917,0.335000,0.980000,GDT_TS
rna_mono,25,294,50,0.366600,0.330000,0.980000,GDT_TS
rna_mono,26,338,49,0.366327,0.360000,0.970000,GDT_TS
rna_mono,27,006,29,0.365862,0.360000,0.980000,GDT_TS
rna_mono,28,207,6,0.365000,0.345000,0.580000,GDT_TS
rna_mono,29,051,2,0.365000,0.365000,0.380000,GDT_TS
rna_mono,30,298,13,0.363077,0.350000,0.700000,GDT_TS
rna_mono,31,425,1,0.360000,0.360000,0.360000,GDT_TS
rna_mono,32,319,1,0.360000,0.360000,0.360000,GDT_TS
rna_mono,33,456,39,0.357692,0.410000,0.900000,GDT_TS
rna_mono,34,423,13,0.357692,0.320000,0.700000,GDT_TS
rna_mono,35,369,47,0.349574,0.340000,0.830000,GDT_TS
rna_mono,36,286,50,0.349200,0.330000,0.940000,GDT_TS
rna_mono,37,417,49,0.349184,0.360000,0.750000,GDT_TS
rna_mono,38,272,44,0.346818,0.340000,0.730000,GDT_TS
rna_mono,39,241,50,0.344600,0.335000,0.840000,GDT_TS
rna_mono,40,304,50,0.343200,0.335000,0.810000,GDT_TS
rna_mono,41,435,48,0.338125,0.330000,0.750000,GDT_TS
rna_mono,42,189,41,0.332683,0.270000,0.980000,GDT_TS
rna_mono,43,167,49,0.328367,0.310000,0.740000,GDT_TS
rna_mono,44,235,49,0.327347,0.320000,0.720000,GDT_TS
rna_mono,45,208,48,0.326875,0.295000,0.740000,GDT_TS
rna_mono,46,345,2,0.325000,0.325000,0.360000,GDT_TS
rna_mono,47,231,48,0.321250,0.305000,0.880000,GDT_TS
rna_mono,48,033,46,0.320870,0.295000,0.750000,GDT_TS
rna_mono,49,159,37,0.320541,0.290000,0.730000,GDT_TS
rna_mono,50,028,50,0.318600,0.275000,0.850000,GDT_TS
rna_mono,51,262,36,0.318333,0.265000,0.990000,GDT_TS
rna_mono,52,110,50,0.309800,0.250000,0.810000,GDT_TS
rna_mono,53,306,31,0.307419,0.260000,0.700000,GDT_TS
rna_mono,54,462,50,0.299000,0.235000,0.850000,GDT_TS
rna_mono,55,450,48,0.289792,0.255000,0.740000,GDT_TS
rna_mono,56,325,33,0.278485,0.170000,0.730000,GDT_TS
rna_mono,57,358,16,0.276250,0.265000,0.420000,GDT_TS
rna_mono,58,317,49,0.270612,0.150000,0.760000,GDT_TS
rna_mono,59,267,43,0.253023,0.140000,0.850000,GDT_TS
rna_mono,60,471,1,0.220000,0.220000,0.220000,GDT_TS
rna_mono,61,156,48,0.217500,0.135000,0.570000,GDT_TS
rna_mono,62,094,38,0.185789,0.115000,0.510000,GDT_TS
rna_mono,63,169,40,0.146500,0.095000,0.350000,GDT_TS
rna_mono,64,261,23,0.141304,0.150000,0.270000,GDT_TS
rna_mono,65,439,11,0.133636,0.100000,0.230000,GDT_TS
rna_oligo,1,448,2,0.348000,0.348000,0.668000,QSglob
rna_oligo,2,143,2,0.348000,0.348000,0.668000,QSglob
rna_oligo,3,294,19,0.118105,0.002000,0.990000,QSglob
rna_oligo,4,481,17,0.114529,0.001000,0.900000,QSglob
rna_oligo,5,286,13,0.111000,0.009000,0.645000,QSglob
rna_oligo,6,183,11,0.094909,0.001000,0.992000,QSglob
rna_oligo,7,052s,10,0.091300,0.000000,0.902000,QSglob
rna_oligo,8,262,20,0.046900,0.000000,0.883000,QSglob
rna_oligo,9,189,13,0.040692,0.003000,0.243000,QSglob
rna_oligo,10,462,21,0.033429,0.000000,0.337000,QSglob
rna_oligo,11,028s,21,0.031714,0.000000,0.337000,QSglob
rna_oligo,12,110s,21,0.028714,0.000000,0.176000,QSglob
rna_oligo,13,091,5,0.026000,0.000000,0.118000,QSglob
rna_oligo,14,156,9,0.022444,0.002000,0.175000,QSglob
rna_oligo,15,241,18,0.012833,0.000500,0.071000,QSglob
rna_oligo,16,417,10,0.012200,0.002500,0.097000,QSglob
rna_oligo,17,167,14,0.009643,0.003500,0.081000,QSglob
rna_oligo,18,450s,13,0.008923,0.003000,0.081000,QSglob
rna_oligo,19,304s,14,0.008786,0.002000,0.089000,QSglob
rna_oligo,20,338,4,0.005250,0.001500,0.018000,QSglob
rna_oligo,21,033,3,0.004000,0.005000,0.006000,QSglob
rna_oligo,22,235,3,0.004000,0.004000,0.004000,QSglob
rna_oligo,23,208s,13,0.002154,0.001000,0.007000,QSglob
rna_oligo,24,325,3,0.002000,0.001000,0.004000,QSglob
rna_oligo,25,159,3,0.001000,0.001000,0.001000,QSglob
rna_oligo,26,317,6,0.000667,0.000000,0.004000,QSglob
rna_oligo,27,231,3,0.000667,0.001000,0.001000,QSglob
rna_oligo,28,272,13,0.000615,0.000000,0.008000,QSglob
rna_oligo,29,435,2,0.000500,0.000500,0.001000,QSglob
rna_oligo,30,369,4,0.000000,0.000000,0.000000,QSglob
rna_oligo,31,267s,4,0.000000,0.000000,0.000000,QSglob
rna_oligo,32,063,1,0.000000,0.000000,0.000000,QSglob
