task_name	chain_index	sequence_sha256	sequence_len	status	source_run_id	source_task_name	source_json	paired_msa_path	paired_msa_exists	paired_msa_size	unpaired_msa_path	unpaired_msa_exists	unpaired_msa_size	message
T0235O	0	60828aeb55d92f67cd0a5163963debca946a1960214b919cc0de99bcd0c0ba13	115	kept_existing				/scratch/10992/liaorunlong93/casp16-leaderboard/data/msa_cache/store/60/60828aeb55d92f67cd0a5163963debca946a1960214b919cc0de99bcd0c0ba13/paired.916ec02d85caa54aa5d2b22859c5a9df570a75a8e56278eee3f3d22e568ee004.a3m	true	308	/scratch/10992/liaorunlong93/casp16-leaderboard/data/msa_cache/store/60/60828aeb55d92f67cd0a5163963debca946a1960214b919cc0de99bcd0c0ba13/unpaired.d536a2f9acc6465c577ba2060b395140e7c3c0ca0b01bf596977ecc233e769b1.a3m	true	3161	input_already_has_existing_msa_paths
T1235O	0	60828aeb55d92f67cd0a5163963debca946a1960214b919cc0de99bcd0c0ba13	115	kept_existing				/scratch/10992/liaorunlong93/casp16-leaderboard/data/msa_cache/store/60/60828aeb55d92f67cd0a5163963debca946a1960214b919cc0de99bcd0c0ba13/paired.916ec02d85caa54aa5d2b22859c5a9df570a75a8e56278eee3f3d22e568ee004.a3m	true	308	/scratch/10992/liaorunlong93/casp16-leaderboard/data/msa_cache/store/60/60828aeb55d92f67cd0a5163963debca946a1960214b919cc0de99bcd0c0ba13/unpaired.d536a2f9acc6465c577ba2060b395140e7c3c0ca0b01bf596977ecc233e769b1.a3m	true	3161	input_already_has_existing_msa_paths
T2235O	0	60828aeb55d92f67cd0a5163963debca946a1960214b919cc0de99bcd0c0ba13	115	kept_existing				/scratch/10992/liaorunlong93/casp16-leaderboard/data/msa_cache/store/60/60828aeb55d92f67cd0a5163963debca946a1960214b919cc0de99bcd0c0ba13/paired.916ec02d85caa54aa5d2b22859c5a9df570a75a8e56278eee3f3d22e568ee004.a3m	true	308	/scratch/10992/liaorunlong93/casp16-leaderboard/data/msa_cache/store/60/60828aeb55d92f67cd0a5163963debca946a1960214b919cc0de99bcd0c0ba13/unpaired.d536a2f9acc6465c577ba2060b395140e7c3c0ca0b01bf596977ecc233e769b1.a3m	true	3161	input_already_has_existing_msa_paths
T0206O	0	f88188b8caba776501637651f3c41ab3b08bbc237761c098d25da0490332318a	237	kept_existing				/scratch/10992/liaorunlong93/casp16-leaderboard/data/msa_cache/store/f8/f88188b8caba776501637651f3c41ab3b08bbc237761c098d25da0490332318a/paired.383974df59ba251679051b4eb019b7e08b3dbd13c2dd127def99037158e58d93.a3m	true	15063	/scratch/10992/liaorunlong93/casp16-leaderboard/data/msa_cache/store/f8/f88188b8caba776501637651f3c41ab3b08bbc237761c098d25da0490332318a/unpaired.3298e8f46eb3600e5e199738bbbdfd2f97a97ab14d5defb4c615df7ecefeeae0.a3m	true	2912	input_already_has_existing_msa_paths
T1206O	0	f88188b8caba776501637651f3c41ab3b08bbc237761c098d25da0490332318a	237	kept_existing				/scratch/10992/liaorunlong93/casp16-leaderboard/data/msa_cache/store/f8/f88188b8caba776501637651f3c41ab3b08bbc237761c098d25da0490332318a/paired.383974df59ba251679051b4eb019b7e08b3dbd13c2dd127def99037158e58d93.a3m	true	15063	/scratch/10992/liaorunlong93/casp16-leaderboard/data/msa_cache/store/f8/f88188b8caba776501637651f3c41ab3b08bbc237761c098d25da0490332318a/unpaired.3298e8f46eb3600e5e199738bbbdfd2f97a97ab14d5defb4c615df7ecefeeae0.a3m	true	2912	input_already_has_existing_msa_paths
T2206O	0	f88188b8caba776501637651f3c41ab3b08bbc237761c098d25da0490332318a	237	kept_existing				/scratch/10992/liaorunlong93/casp16-leaderboard/data/msa_cache/store/f8/f88188b8caba776501637651f3c41ab3b08bbc237761c098d25da0490332318a/paired.383974df59ba251679051b4eb019b7e08b3dbd13c2dd127def99037158e58d93.a3m	true	15063	/scratch/10992/liaorunlong93/casp16-leaderboard/data/msa_cache/store/f8/f88188b8caba776501637651f3c41ab3b08bbc237761c098d25da0490332318a/unpaired.3298e8f46eb3600e5e199738bbbdfd2f97a97ab14d5defb4c615df7ecefeeae0.a3m	true	2912	input_already_has_existing_msa_paths
H1202	0	ff2c2577cd30c10d447d43413226eec88351e6e1e61c534e16a36d26a56023dc	69	kept_existing				/scratch/10992/liaorunlong93/casp16-leaderboard/data/msa_cache/store/ff/ff2c2577cd30c10d447d43413226eec88351e6e1e61c534e16a36d26a56023dc/paired.a1cfa208f5b17bbf6a70a0394394a0362ab08e84373e127e250382c8b578caf6.a3m	true	59056	/scratch/10992/liaorunlong93/casp16-leaderboard/data/msa_cache/store/ff/ff2c2577cd30c10d447d43413226eec88351e6e1e61c534e16a36d26a56023dc/unpaired.0b723f03dba642f74cc376c2cb0ebe9b17cffda67cc9408a855695bc4d4f7482.a3m	true	47696	input_already_has_existing_msa_paths
H1202	1	3821d338631ceb79b52db75ecdff2f1d2e55fa1c9b1b11aba1bee88590c392bb	121	kept_existing				/scratch/10992/liaorunlong93/casp16-leaderboard/data/msa_cache/store/38/3821d338631ceb79b52db75ecdff2f1d2e55fa1c9b1b11aba1bee88590c392bb/paired.0757726c07ff4e5098a5ee228e7583691a3008a0cfc74cbe57122fa9a3dc4c46.a3m	true	971798	/scratch/10992/liaorunlong93/casp16-leaderboard/data/msa_cache/store/38/3821d338631ceb79b52db75ecdff2f1d2e55fa1c9b1b11aba1bee88590c392bb/unpaired.eb4bfb39c2fbcd0c6a919ea36049ef6caf4db13dacfde0d6fd9682f35192d2d3.a3m	true	381270	input_already_has_existing_msa_paths
H2202	0	ff2c2577cd30c10d447d43413226eec88351e6e1e61c534e16a36d26a56023dc	69	kept_existing				/scratch/10992/liaorunlong93/casp16-leaderboard/data/msa_cache/store/ff/ff2c2577cd30c10d447d43413226eec88351e6e1e61c534e16a36d26a56023dc/paired.a1cfa208f5b17bbf6a70a0394394a0362ab08e84373e127e250382c8b578caf6.a3m	true	59056	/scratch/10992/liaorunlong93/casp16-leaderboard/data/msa_cache/store/ff/ff2c2577cd30c10d447d43413226eec88351e6e1e61c534e16a36d26a56023dc/unpaired.0b723f03dba642f74cc376c2cb0ebe9b17cffda67cc9408a855695bc4d4f7482.a3m	true	47696	input_already_has_existing_msa_paths
H2202	1	3821d338631ceb79b52db75ecdff2f1d2e55fa1c9b1b11aba1bee88590c392bb	121	kept_existing				/scratch/10992/liaorunlong93/casp16-leaderboard/data/msa_cache/store/38/3821d338631ceb79b52db75ecdff2f1d2e55fa1c9b1b11aba1bee88590c392bb/paired.0757726c07ff4e5098a5ee228e7583691a3008a0cfc74cbe57122fa9a3dc4c46.a3m	true	971798	/scratch/10992/liaorunlong93/casp16-leaderboard/data/msa_cache/store/38/3821d338631ceb79b52db75ecdff2f1d2e55fa1c9b1b11aba1bee88590c392bb/unpaired.eb4bfb39c2fbcd0c6a919ea36049ef6caf4db13dacfde0d6fd9682f35192d2d3.a3m	true	381270	input_already_has_existing_msa_paths
T1201O	0	a6269a72401e03d5ecbdfeee6984f548e56425fbd8de3dc18db502b5f3f099ab	204	kept_existing				/scratch/10992/liaorunlong93/casp16-leaderboard/data/msa_cache/store/a6/a6269a72401e03d5ecbdfeee6984f548e56425fbd8de3dc18db502b5f3f099ab/paired.ff9767888d136af626b6149df7df2608222c32eb2e9628c2ccfdb45d08caa9ba.a3m	true	143439	/scratch/10992/liaorunlong93/casp16-leaderboard/data/msa_cache/store/a6/a6269a72401e03d5ecbdfeee6984f548e56425fbd8de3dc18db502b5f3f099ab/unpaired.773357926ff97645b451b04a224fe6606d459d51ba6bf316ca0ed5ffcc7b3165.a3m	true	145586	input_already_has_existing_msa_paths
T2201O	0	a6269a72401e03d5ecbdfeee6984f548e56425fbd8de3dc18db502b5f3f099ab	204	kept_existing				/scratch/10992/liaorunlong93/casp16-leaderboard/data/msa_cache/store/a6/a6269a72401e03d5ecbdfeee6984f548e56425fbd8de3dc18db502b5f3f099ab/paired.ff9767888d136af626b6149df7df2608222c32eb2e9628c2ccfdb45d08caa9ba.a3m	true	143439	/scratch/10992/liaorunlong93/casp16-leaderboard/data/msa_cache/store/a6/a6269a72401e03d5ecbdfeee6984f548e56425fbd8de3dc18db502b5f3f099ab/unpaired.773357926ff97645b451b04a224fe6606d459d51ba6bf316ca0ed5ffcc7b3165.a3m	true	145586	input_already_has_existing_msa_paths
T0234O	0	92e0ae5ec6bea77badf08dafbd68178a36fa7245a33b543b0ae70828eb29699e	413	kept_existing				/scratch/10992/liaorunlong93/casp16-leaderboard/data/msa_cache/store/92/92e0ae5ec6bea77badf08dafbd68178a36fa7245a33b543b0ae70828eb29699e/paired.15314eead58e4c97d60bd4f95d3ec7dd0853319910faa090274c6fc62960f0ed.a3m	true	5383	/scratch/10992/liaorunlong93/casp16-leaderboard/data/msa_cache/store/92/92e0ae5ec6bea77badf08dafbd68178a36fa7245a33b543b0ae70828eb29699e/unpaired.e4215bceb45b774c457385f90559faf2576275875ae0d30e8e5ed3c5f3dc27dd.a3m	true	16680	input_already_has_existing_msa_paths
T1234O	0	92e0ae5ec6bea77badf08dafbd68178a36fa7245a33b543b0ae70828eb29699e	413	kept_existing				/scratch/10992/liaorunlong93/casp16-leaderboard/data/msa_cache/store/92/92e0ae5ec6bea77badf08dafbd68178a36fa7245a33b543b0ae70828eb29699e/paired.15314eead58e4c97d60bd4f95d3ec7dd0853319910faa090274c6fc62960f0ed.a3m	true	5383	/scratch/10992/liaorunlong93/casp16-leaderboard/data/msa_cache/store/92/92e0ae5ec6bea77badf08dafbd68178a36fa7245a33b543b0ae70828eb29699e/unpaired.e4215bceb45b774c457385f90559faf2576275875ae0d30e8e5ed3c5f3dc27dd.a3m	true	16680	input_already_has_existing_msa_paths
T2234O	0	92e0ae5ec6bea77badf08dafbd68178a36fa7245a33b543b0ae70828eb29699e	413	kept_existing				/scratch/10992/liaorunlong93/casp16-leaderboard/data/msa_cache/store/92/92e0ae5ec6bea77badf08dafbd68178a36fa7245a33b543b0ae70828eb29699e/paired.15314eead58e4c97d60bd4f95d3ec7dd0853319910faa090274c6fc62960f0ed.a3m	true	5383	/scratch/10992/liaorunlong93/casp16-leaderboard/data/msa_cache/store/92/92e0ae5ec6bea77badf08dafbd68178a36fa7245a33b543b0ae70828eb29699e/unpaired.e4215bceb45b774c457385f90559faf2576275875ae0d30e8e5ed3c5f3dc27dd.a3m	true	16680	input_already_has_existing_msa_paths
H0225	0	75ab8f84ed0b168b539d68f17aba776825247684115c480b6669b9540bbbd99c	41	kept_existing				/scratch/10992/liaorunlong93/casp16-leaderboard/data/msa_cache/store/75/75ab8f84ed0b168b539d68f17aba776825247684115c480b6669b9540bbbd99c/paired.7498fbe52cba67cb2dfa3c83eb9b6b41fafcd9fbbc45e7563c86aebe639024f2.a3m	true	14826	/scratch/10992/liaorunlong93/casp16-leaderboard/data/msa_cache/store/75/75ab8f84ed0b168b539d68f17aba776825247684115c480b6669b9540bbbd99c/unpaired.ca5e9b5384be4db85da2983f361a50dc98eac85465d2ce1041ea623ecd967a7b.a3m	true	1865	input_already_has_existing_msa_paths
H0225	1	d02f3dd32da1da44d66a8fcb578d22e2c0f29e3942d538031df2c018c7f891d4	227	kept_existing				/scratch/10992/liaorunlong93/casp16-leaderboard/data/msa_cache/store/d0/d02f3dd32da1da44d66a8fcb578d22e2c0f29e3942d538031df2c018c7f891d4/paired.4afcb523be77c3d887242ee03d3a57d0d48e05ca854e9759aa9b23907806a4fa.a3m	true	3362504	/scratch/10992/liaorunlong93/casp16-leaderboard/data/msa_cache/store/d0/d02f3dd32da1da44d66a8fcb578d22e2c0f29e3942d538031df2c018c7f891d4/unpaired.1daf3f9ad5fe8e4de0ad9138190b3b401270f7c5c6f5d60e490463ce7dcd6fcb.a3m	true	365493	input_already_has_existing_msa_paths
H0225	2	c184148b34346b3ae031d54394025467b80edfb4e1c1193d72dc2c01577cc7ed	215	kept_existing				/scratch/10992/liaorunlong93/casp16-leaderboard/data/msa_cache/store/c1/c184148b34346b3ae031d54394025467b80edfb4e1c1193d72dc2c01577cc7ed/paired.8b4efc3b0ca0c0c4bb1078e1f45c9f6a288e2cfb5bc895ff45414739b4a18a09.a3m	true	2978121	/scratch/10992/liaorunlong93/casp16-leaderboard/data/msa_cache/store/c1/c184148b34346b3ae031d54394025467b80edfb4e1c1193d72dc2c01577cc7ed/unpaired.a14a333adf7f9343f599f73001d7dceb09346a134e0f1fffd5e68b529d7b38ec.a3m	true	470220	input_already_has_existing_msa_paths
H1225	0	75ab8f84ed0b168b539d68f17aba776825247684115c480b6669b9540bbbd99c	41	kept_existing				/scratch/10992/liaorunlong93/casp16-leaderboard/data/msa_cache/store/75/75ab8f84ed0b168b539d68f17aba776825247684115c480b6669b9540bbbd99c/paired.7498fbe52cba67cb2dfa3c83eb9b6b41fafcd9fbbc45e7563c86aebe639024f2.a3m	true	14826	/scratch/10992/liaorunlong93/casp16-leaderboard/data/msa_cache/store/75/75ab8f84ed0b168b539d68f17aba776825247684115c480b6669b9540bbbd99c/unpaired.ca5e9b5384be4db85da2983f361a50dc98eac85465d2ce1041ea623ecd967a7b.a3m	true	1865	input_already_has_existing_msa_paths
H1225	1	d02f3dd32da1da44d66a8fcb578d22e2c0f29e3942d538031df2c018c7f891d4	227	kept_existing				/scratch/10992/liaorunlong93/casp16-leaderboard/data/msa_cache/store/d0/d02f3dd32da1da44d66a8fcb578d22e2c0f29e3942d538031df2c018c7f891d4/paired.4afcb523be77c3d887242ee03d3a57d0d48e05ca854e9759aa9b23907806a4fa.a3m	true	3362504	/scratch/10992/liaorunlong93/casp16-leaderboard/data/msa_cache/store/d0/d02f3dd32da1da44d66a8fcb578d22e2c0f29e3942d538031df2c018c7f891d4/unpaired.1daf3f9ad5fe8e4de0ad9138190b3b401270f7c5c6f5d60e490463ce7dcd6fcb.a3m	true	365493	input_already_has_existing_msa_paths
H1225	2	c184148b34346b3ae031d54394025467b80edfb4e1c1193d72dc2c01577cc7ed	215	kept_existing				/scratch/10992/liaorunlong93/casp16-leaderboard/data/msa_cache/store/c1/c184148b34346b3ae031d54394025467b80edfb4e1c1193d72dc2c01577cc7ed/paired.8b4efc3b0ca0c0c4bb1078e1f45c9f6a288e2cfb5bc895ff45414739b4a18a09.a3m	true	2978121	/scratch/10992/liaorunlong93/casp16-leaderboard/data/msa_cache/store/c1/c184148b34346b3ae031d54394025467b80edfb4e1c1193d72dc2c01577cc7ed/unpaired.a14a333adf7f9343f599f73001d7dceb09346a134e0f1fffd5e68b529d7b38ec.a3m	true	470220	input_already_has_existing_msa_paths
H2225	0	75ab8f84ed0b168b539d68f17aba776825247684115c480b6669b9540bbbd99c	41	kept_existing				/scratch/10992/liaorunlong93/casp16-leaderboard/data/msa_cache/store/75/75ab8f84ed0b168b539d68f17aba776825247684115c480b6669b9540bbbd99c/paired.7498fbe52cba67cb2dfa3c83eb9b6b41fafcd9fbbc45e7563c86aebe639024f2.a3m	true	14826	/scratch/10992/liaorunlong93/casp16-leaderboard/data/msa_cache/store/75/75ab8f84ed0b168b539d68f17aba776825247684115c480b6669b9540bbbd99c/unpaired.ca5e9b5384be4db85da2983f361a50dc98eac85465d2ce1041ea623ecd967a7b.a3m	true	1865	input_already_has_existing_msa_paths
H2225	1	d02f3dd32da1da44d66a8fcb578d22e2c0f29e3942d538031df2c018c7f891d4	227	kept_existing				/scratch/10992/liaorunlong93/casp16-leaderboard/data/msa_cache/store/d0/d02f3dd32da1da44d66a8fcb578d22e2c0f29e3942d538031df2c018c7f891d4/paired.4afcb523be77c3d887242ee03d3a57d0d48e05ca854e9759aa9b23907806a4fa.a3m	true	3362504	/scratch/10992/liaorunlong93/casp16-leaderboard/data/msa_cache/store/d0/d02f3dd32da1da44d66a8fcb578d22e2c0f29e3942d538031df2c018c7f891d4/unpaired.1daf3f9ad5fe8e4de0ad9138190b3b401270f7c5c6f5d60e490463ce7dcd6fcb.a3m	true	365493	input_already_has_existing_msa_paths
H2225	2	c184148b34346b3ae031d54394025467b80edfb4e1c1193d72dc2c01577cc7ed	215	kept_existing				/scratch/10992/liaorunlong93/casp16-leaderboard/data/msa_cache/store/c1/c184148b34346b3ae031d54394025467b80edfb4e1c1193d72dc2c01577cc7ed/paired.8b4efc3b0ca0c0c4bb1078e1f45c9f6a288e2cfb5bc895ff45414739b4a18a09.a3m	true	2978121	/scratch/10992/liaorunlong93/casp16-leaderboard/data/msa_cache/store/c1/c184148b34346b3ae031d54394025467b80edfb4e1c1193d72dc2c01577cc7ed/unpaired.a14a333adf7f9343f599f73001d7dceb09346a134e0f1fffd5e68b529d7b38ec.a3m	true	470220	input_already_has_existing_msa_paths
H0222	0	75ab8f84ed0b168b539d68f17aba776825247684115c480b6669b9540bbbd99c	41	kept_existing				/scratch/10992/liaorunlong93/casp16-leaderboard/data/msa_cache/store/75/75ab8f84ed0b168b539d68f17aba776825247684115c480b6669b9540bbbd99c/paired.7498fbe52cba67cb2dfa3c83eb9b6b41fafcd9fbbc45e7563c86aebe639024f2.a3m	true	14826	/scratch/10992/liaorunlong93/casp16-leaderboard/data/msa_cache/store/75/75ab8f84ed0b168b539d68f17aba776825247684115c480b6669b9540bbbd99c/unpaired.ca5e9b5384be4db85da2983f361a50dc98eac85465d2ce1041ea623ecd967a7b.a3m	true	1865	input_already_has_existing_msa_paths
H0222	1	87d1b3ce8842ab4bdc54de8492a65c98cd184fe0a002471e23188962a2afcafb	224	kept_existing				/scratch/10992/liaorunlong93/casp16-leaderboard/data/msa_cache/store/87/87d1b3ce8842ab4bdc54de8492a65c98cd184fe0a002471e23188962a2afcafb/paired.bb77f7f0f3ed4a9020e4af0e49d9685e726245387c47d539218765d867bce0cc.a3m	true	3368641	/scratch/10992/liaorunlong93/casp16-leaderboard/data/msa_cache/store/87/87d1b3ce8842ab4bdc54de8492a65c98cd184fe0a002471e23188962a2afcafb/unpaired.2301fbfa6c421bc295f82df74686eb7f3ede89f463c31331305675151dae4691.a3m	true	379522	input_already_has_existing_msa_paths
H0222	2	159b29e372b65f98c869a497e028ae6781b552f0125f6c1ba016b98d5d54beba	220	kept_existing				/scratch/10992/liaorunlong93/casp16-leaderboard/data/msa_cache/store/15/159b29e372b65f98c869a497e028ae6781b552f0125f6c1ba016b98d5d54beba/paired.08e471430dd71207b4af54e8d202489ab15090242b6eddfc0e8ca8e04a1bab15.a3m	true	3411011	/scratch/10992/liaorunlong93/casp16-leaderboard/data/msa_cache/store/15/159b29e372b65f98c869a497e028ae6781b552f0125f6c1ba016b98d5d54beba/unpaired.0df52d6b5b742ca5a6e6ea6f39687488f21d991e7fe5bc113f9765a0df37fe9d.a3m	true	421649	input_already_has_existing_msa_paths
H1222	0	75ab8f84ed0b168b539d68f17aba776825247684115c480b6669b9540bbbd99c	41	kept_existing				/scratch/10992/liaorunlong93/casp16-leaderboard/data/msa_cache/store/75/75ab8f84ed0b168b539d68f17aba776825247684115c480b6669b9540bbbd99c/paired.7498fbe52cba67cb2dfa3c83eb9b6b41fafcd9fbbc45e7563c86aebe639024f2.a3m	true	14826	/scratch/10992/liaorunlong93/casp16-leaderboard/data/msa_cache/store/75/75ab8f84ed0b168b539d68f17aba776825247684115c480b6669b9540bbbd99c/unpaired.ca5e9b5384be4db85da2983f361a50dc98eac85465d2ce1041ea623ecd967a7b.a3m	true	1865	input_already_has_existing_msa_paths
H1222	1	87d1b3ce8842ab4bdc54de8492a65c98cd184fe0a002471e23188962a2afcafb	224	kept_existing				/scratch/10992/liaorunlong93/casp16-leaderboard/data/msa_cache/store/87/87d1b3ce8842ab4bdc54de8492a65c98cd184fe0a002471e23188962a2afcafb/paired.bb77f7f0f3ed4a9020e4af0e49d9685e726245387c47d539218765d867bce0cc.a3m	true	3368641	/scratch/10992/liaorunlong93/casp16-leaderboard/data/msa_cache/store/87/87d1b3ce8842ab4bdc54de8492a65c98cd184fe0a002471e23188962a2afcafb/unpaired.2301fbfa6c421bc295f82df74686eb7f3ede89f463c31331305675151dae4691.a3m	true	379522	input_already_has_existing_msa_paths
H1222	2	159b29e372b65f98c869a497e028ae6781b552f0125f6c1ba016b98d5d54beba	220	kept_existing				/scratch/10992/liaorunlong93/casp16-leaderboard/data/msa_cache/store/15/159b29e372b65f98c869a497e028ae6781b552f0125f6c1ba016b98d5d54beba/paired.08e471430dd71207b4af54e8d202489ab15090242b6eddfc0e8ca8e04a1bab15.a3m	true	3411011	/scratch/10992/liaorunlong93/casp16-leaderboard/data/msa_cache/store/15/159b29e372b65f98c869a497e028ae6781b552f0125f6c1ba016b98d5d54beba/unpaired.0df52d6b5b742ca5a6e6ea6f39687488f21d991e7fe5bc113f9765a0df37fe9d.a3m	true	421649	input_already_has_existing_msa_paths
H2222	0	75ab8f84ed0b168b539d68f17aba776825247684115c480b6669b9540bbbd99c	41	kept_existing				/scratch/10992/liaorunlong93/casp16-leaderboard/data/msa_cache/store/75/75ab8f84ed0b168b539d68f17aba776825247684115c480b6669b9540bbbd99c/paired.7498fbe52cba67cb2dfa3c83eb9b6b41fafcd9fbbc45e7563c86aebe639024f2.a3m	true	14826	/scratch/10992/liaorunlong93/casp16-leaderboard/data/msa_cache/store/75/75ab8f84ed0b168b539d68f17aba776825247684115c480b6669b9540bbbd99c/unpaired.ca5e9b5384be4db85da2983f361a50dc98eac85465d2ce1041ea623ecd967a7b.a3m	true	1865	input_already_has_existing_msa_paths
H2222	1	87d1b3ce8842ab4bdc54de8492a65c98cd184fe0a002471e23188962a2afcafb	224	kept_existing				/scratch/10992/liaorunlong93/casp16-leaderboard/data/msa_cache/store/87/87d1b3ce8842ab4bdc54de8492a65c98cd184fe0a002471e23188962a2afcafb/paired.bb77f7f0f3ed4a9020e4af0e49d9685e726245387c47d539218765d867bce0cc.a3m	true	3368641	/scratch/10992/liaorunlong93/casp16-leaderboard/data/msa_cache/store/87/87d1b3ce8842ab4bdc54de8492a65c98cd184fe0a002471e23188962a2afcafb/unpaired.2301fbfa6c421bc295f82df74686eb7f3ede89f463c31331305675151dae4691.a3m	true	379522	input_already_has_existing_msa_paths
H2222	2	159b29e372b65f98c869a497e028ae6781b552f0125f6c1ba016b98d5d54beba	220	kept_existing				/scratch/10992/liaorunlong93/casp16-leaderboard/data/msa_cache/store/15/159b29e372b65f98c869a497e028ae6781b552f0125f6c1ba016b98d5d54beba/paired.08e471430dd71207b4af54e8d202489ab15090242b6eddfc0e8ca8e04a1bab15.a3m	true	3411011	/scratch/10992/liaorunlong93/casp16-leaderboard/data/msa_cache/store/15/159b29e372b65f98c869a497e028ae6781b552f0125f6c1ba016b98d5d54beba/unpaired.0df52d6b5b742ca5a6e6ea6f39687488f21d991e7fe5bc113f9765a0df37fe9d.a3m	true	421649	input_already_has_existing_msa_paths
H0223	0	75ab8f84ed0b168b539d68f17aba776825247684115c480b6669b9540bbbd99c	41	kept_existing				/scratch/10992/liaorunlong93/casp16-leaderboard/data/msa_cache/store/75/75ab8f84ed0b168b539d68f17aba776825247684115c480b6669b9540bbbd99c/paired.7498fbe52cba67cb2dfa3c83eb9b6b41fafcd9fbbc45e7563c86aebe639024f2.a3m	true	14826	/scratch/10992/liaorunlong93/casp16-leaderboard/data/msa_cache/store/75/75ab8f84ed0b168b539d68f17aba776825247684115c480b6669b9540bbbd99c/unpaired.ca5e9b5384be4db85da2983f361a50dc98eac85465d2ce1041ea623ecd967a7b.a3m	true	1865	input_already_has_existing_msa_paths
H0223	1	a69cb5f3246c47e3253b31b6d91790a02daf3cb6897de0c1e691eb8061f0d3b2	229	kept_existing				/scratch/10992/liaorunlong93/casp16-leaderboard/data/msa_cache/store/a6/a69cb5f3246c47e3253b31b6d91790a02daf3cb6897de0c1e691eb8061f0d3b2/paired.808cf94d4f7a098acb83fb9a4d47b54d99a7a1fc5c25c9c5dfa67fc1e000a54f.a3m	true	3096715	/scratch/10992/liaorunlong93/casp16-leaderboard/data/msa_cache/store/a6/a69cb5f3246c47e3253b31b6d91790a02daf3cb6897de0c1e691eb8061f0d3b2/unpaired.94c6c20cfc7661e2b65d16574aa6d9d54387d9a7d28b1f276bb0e297f22b2e45.a3m	true	384622	input_already_has_existing_msa_paths
H0223	2	eaeeea2e1389b6805f453a7fc561f0c9f55a7f102a7df2398089b8942ebbad16	216	kept_existing				/scratch/10992/liaorunlong93/casp16-leaderboard/data/msa_cache/store/ea/eaeeea2e1389b6805f453a7fc561f0c9f55a7f102a7df2398089b8942ebbad16/paired.bfdfc909878c39c1b916f427050b08b8d998b403be45ff05c86d40918b97c329.a3m	true	3304904	/scratch/10992/liaorunlong93/casp16-leaderboard/data/msa_cache/store/ea/eaeeea2e1389b6805f453a7fc561f0c9f55a7f102a7df2398089b8942ebbad16/unpaired.a5752617321f532978f2c527e0413a332f2d2895a939240c10a6fce3de1a682c.a3m	true	390775	input_already_has_existing_msa_paths
H1223	0	75ab8f84ed0b168b539d68f17aba776825247684115c480b6669b9540bbbd99c	41	kept_existing				/scratch/10992/liaorunlong93/casp16-leaderboard/data/msa_cache/store/75/75ab8f84ed0b168b539d68f17aba776825247684115c480b6669b9540bbbd99c/paired.7498fbe52cba67cb2dfa3c83eb9b6b41fafcd9fbbc45e7563c86aebe639024f2.a3m	true	14826	/scratch/10992/liaorunlong93/casp16-leaderboard/data/msa_cache/store/75/75ab8f84ed0b168b539d68f17aba776825247684115c480b6669b9540bbbd99c/unpaired.ca5e9b5384be4db85da2983f361a50dc98eac85465d2ce1041ea623ecd967a7b.a3m	true	1865	input_already_has_existing_msa_paths
H1223	1	a69cb5f3246c47e3253b31b6d91790a02daf3cb6897de0c1e691eb8061f0d3b2	229	kept_existing				/scratch/10992/liaorunlong93/casp16-leaderboard/data/msa_cache/store/a6/a69cb5f3246c47e3253b31b6d91790a02daf3cb6897de0c1e691eb8061f0d3b2/paired.808cf94d4f7a098acb83fb9a4d47b54d99a7a1fc5c25c9c5dfa67fc1e000a54f.a3m	true	3096715	/scratch/10992/liaorunlong93/casp16-leaderboard/data/msa_cache/store/a6/a69cb5f3246c47e3253b31b6d91790a02daf3cb6897de0c1e691eb8061f0d3b2/unpaired.94c6c20cfc7661e2b65d16574aa6d9d54387d9a7d28b1f276bb0e297f22b2e45.a3m	true	384622	input_already_has_existing_msa_paths
H1223	2	eaeeea2e1389b6805f453a7fc561f0c9f55a7f102a7df2398089b8942ebbad16	216	kept_existing				/scratch/10992/liaorunlong93/casp16-leaderboard/data/msa_cache/store/ea/eaeeea2e1389b6805f453a7fc561f0c9f55a7f102a7df2398089b8942ebbad16/paired.bfdfc909878c39c1b916f427050b08b8d998b403be45ff05c86d40918b97c329.a3m	true	3304904	/scratch/10992/liaorunlong93/casp16-leaderboard/data/msa_cache/store/ea/eaeeea2e1389b6805f453a7fc561f0c9f55a7f102a7df2398089b8942ebbad16/unpaired.a5752617321f532978f2c527e0413a332f2d2895a939240c10a6fce3de1a682c.a3m	true	390775	input_already_has_existing_msa_paths
H2223	0	75ab8f84ed0b168b539d68f17aba776825247684115c480b6669b9540bbbd99c	41	kept_existing				/scratch/10992/liaorunlong93/casp16-leaderboard/data/msa_cache/store/75/75ab8f84ed0b168b539d68f17aba776825247684115c480b6669b9540bbbd99c/paired.7498fbe52cba67cb2dfa3c83eb9b6b41fafcd9fbbc45e7563c86aebe639024f2.a3m	true	14826	/scratch/10992/liaorunlong93/casp16-leaderboard/data/msa_cache/store/75/75ab8f84ed0b168b539d68f17aba776825247684115c480b6669b9540bbbd99c/unpaired.ca5e9b5384be4db85da2983f361a50dc98eac85465d2ce1041ea623ecd967a7b.a3m	true	1865	input_already_has_existing_msa_paths
H2223	1	a69cb5f3246c47e3253b31b6d91790a02daf3cb6897de0c1e691eb8061f0d3b2	229	kept_existing				/scratch/10992/liaorunlong93/casp16-leaderboard/data/msa_cache/store/a6/a69cb5f3246c47e3253b31b6d91790a02daf3cb6897de0c1e691eb8061f0d3b2/paired.808cf94d4f7a098acb83fb9a4d47b54d99a7a1fc5c25c9c5dfa67fc1e000a54f.a3m	true	3096715	/scratch/10992/liaorunlong93/casp16-leaderboard/data/msa_cache/store/a6/a69cb5f3246c47e3253b31b6d91790a02daf3cb6897de0c1e691eb8061f0d3b2/unpaired.94c6c20cfc7661e2b65d16574aa6d9d54387d9a7d28b1f276bb0e297f22b2e45.a3m	true	384622	input_already_has_existing_msa_paths
H2223	2	eaeeea2e1389b6805f453a7fc561f0c9f55a7f102a7df2398089b8942ebbad16	216	kept_existing				/scratch/10992/liaorunlong93/casp16-leaderboard/data/msa_cache/store/ea/eaeeea2e1389b6805f453a7fc561f0c9f55a7f102a7df2398089b8942ebbad16/paired.bfdfc909878c39c1b916f427050b08b8d998b403be45ff05c86d40918b97c329.a3m	true	3304904	/scratch/10992/liaorunlong93/casp16-leaderboard/data/msa_cache/store/ea/eaeeea2e1389b6805f453a7fc561f0c9f55a7f102a7df2398089b8942ebbad16/unpaired.a5752617321f532978f2c527e0413a332f2d2895a939240c10a6fce3de1a682c.a3m	true	390775	input_already_has_existing_msa_paths
T1298O	0	b1d8e2a75cdddf89399c3b089e7c4dc9954162ea4d00e4193dc6b0df67641053	342	kept_existing				/scratch/10992/liaorunlong93/casp16-leaderboard/data/msa_cache/store/b1/b1d8e2a75cdddf89399c3b089e7c4dc9954162ea4d00e4193dc6b0df67641053/paired.f120294309eea5e5a52944a030e8d94373a1ed980d6a9b1d07ec5184c602e8d7.a3m	true	129190	/scratch/10992/liaorunlong93/casp16-leaderboard/data/msa_cache/store/b1/b1d8e2a75cdddf89399c3b089e7c4dc9954162ea4d00e4193dc6b0df67641053/unpaired.0f4dac7de0493683e33bcb50925eaa1e9fbd758935cef4d376b6f1090249c271.a3m	true	517613	input_already_has_existing_msa_paths
H1204	0	8a1b8fae5cdeb901a5e93d7e364c6cf5c3a7028fa7a6f3fdd93f377e26ec240b	134	kept_existing				/scratch/10992/liaorunlong93/casp16-leaderboard/data/msa_cache/store/8a/8a1b8fae5cdeb901a5e93d7e364c6cf5c3a7028fa7a6f3fdd93f377e26ec240b/paired.d09876c6ffc2bcd9581513b80cfbc5fd1f485df80f0bc542110a72d76763bfa2.a3m	true	1934328	/scratch/10992/liaorunlong93/casp16-leaderboard/data/msa_cache/store/8a/8a1b8fae5cdeb901a5e93d7e364c6cf5c3a7028fa7a6f3fdd93f377e26ec240b/unpaired.288ba59a0ec73b1cbad3925cf64f1dbcb301f576dae61a6212edc186a404c504.a3m	true	268191	input_already_has_existing_msa_paths
H1204	1	9ebf320eb707d71644444fe5006ed58af56a0bf0ec9568eb6a3a65e0e8191465	147	kept_existing				/scratch/10992/liaorunlong93/casp16-leaderboard/data/msa_cache/store/9e/9ebf320eb707d71644444fe5006ed58af56a0bf0ec9568eb6a3a65e0e8191465/paired.3c6e2a86f72ed651c367972707ec8e6a26e899eff2df431b96b9ae1401007e37.a3m	true	772107	/scratch/10992/liaorunlong93/casp16-leaderboard/data/msa_cache/store/9e/9ebf320eb707d71644444fe5006ed58af56a0bf0ec9568eb6a3a65e0e8191465/unpaired.75352497d11db5d8138d25ffb851abe07d890570c51354d3f9f3037e59cf67d0.a3m	true	141299	input_already_has_existing_msa_paths
H1204	2	14725a10598943a7aa719eed7d24c7fee599192a6c63c75b051ee6f156341242	142	kept_existing				/scratch/10992/liaorunlong93/casp16-leaderboard/data/msa_cache/store/14/14725a10598943a7aa719eed7d24c7fee599192a6c63c75b051ee6f156341242/paired.c3358f6a6e882241a16a408509de75f66b3586649e194daa0c6d5212103dbb18.a3m	true	739191	/scratch/10992/liaorunlong93/casp16-leaderboard/data/msa_cache/store/14/14725a10598943a7aa719eed7d24c7fee599192a6c63c75b051ee6f156341242/unpaired.f4aaaf34f41f90f40b16e8520579b44177f235f3fa2ae191b77deff7c4567f63.a3m	true	110462	input_already_has_existing_msa_paths
H2204	0	8a1b8fae5cdeb901a5e93d7e364c6cf5c3a7028fa7a6f3fdd93f377e26ec240b	134	kept_existing				/scratch/10992/liaorunlong93/casp16-leaderboard/data/msa_cache/store/8a/8a1b8fae5cdeb901a5e93d7e364c6cf5c3a7028fa7a6f3fdd93f377e26ec240b/paired.d09876c6ffc2bcd9581513b80cfbc5fd1f485df80f0bc542110a72d76763bfa2.a3m	true	1934328	/scratch/10992/liaorunlong93/casp16-leaderboard/data/msa_cache/store/8a/8a1b8fae5cdeb901a5e93d7e364c6cf5c3a7028fa7a6f3fdd93f377e26ec240b/unpaired.288ba59a0ec73b1cbad3925cf64f1dbcb301f576dae61a6212edc186a404c504.a3m	true	268191	input_already_has_existing_msa_paths
H2204	1	9ebf320eb707d71644444fe5006ed58af56a0bf0ec9568eb6a3a65e0e8191465	147	kept_existing				/scratch/10992/liaorunlong93/casp16-leaderboard/data/msa_cache/store/9e/9ebf320eb707d71644444fe5006ed58af56a0bf0ec9568eb6a3a65e0e8191465/paired.3c6e2a86f72ed651c367972707ec8e6a26e899eff2df431b96b9ae1401007e37.a3m	true	772107	/scratch/10992/liaorunlong93/casp16-leaderboard/data/msa_cache/store/9e/9ebf320eb707d71644444fe5006ed58af56a0bf0ec9568eb6a3a65e0e8191465/unpaired.75352497d11db5d8138d25ffb851abe07d890570c51354d3f9f3037e59cf67d0.a3m	true	141299	input_already_has_existing_msa_paths
H2204	2	14725a10598943a7aa719eed7d24c7fee599192a6c63c75b051ee6f156341242	142	kept_existing				/scratch/10992/liaorunlong93/casp16-leaderboard/data/msa_cache/store/14/14725a10598943a7aa719eed7d24c7fee599192a6c63c75b051ee6f156341242/paired.c3358f6a6e882241a16a408509de75f66b3586649e194daa0c6d5212103dbb18.a3m	true	739191	/scratch/10992/liaorunlong93/casp16-leaderboard/data/msa_cache/store/14/14725a10598943a7aa719eed7d24c7fee599192a6c63c75b051ee6f156341242/unpaired.f4aaaf34f41f90f40b16e8520579b44177f235f3fa2ae191b77deff7c4567f63.a3m	true	110462	input_already_has_existing_msa_paths
H0232	0	937c08c35a5b9d9bbed5031d1724201a0d31bc40967e5a009ab35b46cc8226b1	220	kept_existing				/scratch/10992/liaorunlong93/casp16-leaderboard/data/msa_cache/store/93/937c08c35a5b9d9bbed5031d1724201a0d31bc40967e5a009ab35b46cc8226b1/paired.1c88a68549ee219dec1b5ef0119ed5ad16906262248da41187ca046b517d94ea.a3m	true	24405	/scratch/10992/liaorunlong93/casp16-leaderboard/data/msa_cache/store/93/937c08c35a5b9d9bbed5031d1724201a0d31bc40967e5a009ab35b46cc8226b1/unpaired.1cd3e6d283028b0ceb40af981ef03cfe20170ae1de661dcf2cf061b6ff8f19e0.a3m	true	2807	input_already_has_existing_msa_paths
H0232	1	02f75345251728cf136a0c7643a645a4669b8aaba81b4f47474b0984b642ba01	242	kept_existing				/scratch/10992/liaorunlong93/casp16-leaderboard/data/msa_cache/store/02/02f75345251728cf136a0c7643a645a4669b8aaba81b4f47474b0984b642ba01/paired.e8c8ceae586aa45fe1a02846be1181264ebd3bb694fa0a53ae1eff3619387ac8.a3m	true	2551235	/scratch/10992/liaorunlong93/casp16-leaderboard/data/msa_cache/store/02/02f75345251728cf136a0c7643a645a4669b8aaba81b4f47474b0984b642ba01/unpaired.8c64b412bf70e14f83a0385ce2b9687c806886633001a9cea0f698bc117a9013.a3m	true	515668	input_already_has_existing_msa_paths
H1232	0	937c08c35a5b9d9bbed5031d1724201a0d31bc40967e5a009ab35b46cc8226b1	220	kept_existing				/scratch/10992/liaorunlong93/casp16-leaderboard/data/msa_cache/store/93/937c08c35a5b9d9bbed5031d1724201a0d31bc40967e5a009ab35b46cc8226b1/paired.1c88a68549ee219dec1b5ef0119ed5ad16906262248da41187ca046b517d94ea.a3m	true	24405	/scratch/10992/liaorunlong93/casp16-leaderboard/data/msa_cache/store/93/937c08c35a5b9d9bbed5031d1724201a0d31bc40967e5a009ab35b46cc8226b1/unpaired.1cd3e6d283028b0ceb40af981ef03cfe20170ae1de661dcf2cf061b6ff8f19e0.a3m	true	2807	input_already_has_existing_msa_paths
H1232	1	02f75345251728cf136a0c7643a645a4669b8aaba81b4f47474b0984b642ba01	242	kept_existing				/scratch/10992/liaorunlong93/casp16-leaderboard/data/msa_cache/store/02/02f75345251728cf136a0c7643a645a4669b8aaba81b4f47474b0984b642ba01/paired.e8c8ceae586aa45fe1a02846be1181264ebd3bb694fa0a53ae1eff3619387ac8.a3m	true	2551235	/scratch/10992/liaorunlong93/casp16-leaderboard/data/msa_cache/store/02/02f75345251728cf136a0c7643a645a4669b8aaba81b4f47474b0984b642ba01/unpaired.8c64b412bf70e14f83a0385ce2b9687c806886633001a9cea0f698bc117a9013.a3m	true	515668	input_already_has_existing_msa_paths
H2232	0	937c08c35a5b9d9bbed5031d1724201a0d31bc40967e5a009ab35b46cc8226b1	220	kept_existing				/scratch/10992/liaorunlong93/casp16-leaderboard/data/msa_cache/store/93/937c08c35a5b9d9bbed5031d1724201a0d31bc40967e5a009ab35b46cc8226b1/paired.1c88a68549ee219dec1b5ef0119ed5ad16906262248da41187ca046b517d94ea.a3m	true	24405	/scratch/10992/liaorunlong93/casp16-leaderboard/data/msa_cache/store/93/937c08c35a5b9d9bbed5031d1724201a0d31bc40967e5a009ab35b46cc8226b1/unpaired.1cd3e6d283028b0ceb40af981ef03cfe20170ae1de661dcf2cf061b6ff8f19e0.a3m	true	2807	input_already_has_existing_msa_paths
H2232	1	02f75345251728cf136a0c7643a645a4669b8aaba81b4f47474b0984b642ba01	242	kept_existing				/scratch/10992/liaorunlong93/casp16-leaderboard/data/msa_cache/store/02/02f75345251728cf136a0c7643a645a4669b8aaba81b4f47474b0984b642ba01/paired.e8c8ceae586aa45fe1a02846be1181264ebd3bb694fa0a53ae1eff3619387ac8.a3m	true	2551235	/scratch/10992/liaorunlong93/casp16-leaderboard/data/msa_cache/store/02/02f75345251728cf136a0c7643a645a4669b8aaba81b4f47474b0984b642ba01/unpaired.8c64b412bf70e14f83a0385ce2b9687c806886633001a9cea0f698bc117a9013.a3m	true	515668	input_already_has_existing_msa_paths
H0227	0	cd4c4a5265b6324b7639487f6a6550ec0ca34ca209542ad5559ad8dc0dc5bba3	427	kept_existing				/scratch/10992/liaorunlong93/casp16-leaderboard/data/msa_cache/store/cd/cd4c4a5265b6324b7639487f6a6550ec0ca34ca209542ad5559ad8dc0dc5bba3/paired.a22917c4f0ce4ced9a0e320e38b9041dbfed66c9c583a3f3793a9ff2657c55f1.a3m	true	1438077	/scratch/10992/liaorunlong93/casp16-leaderboard/data/msa_cache/store/cd/cd4c4a5265b6324b7639487f6a6550ec0ca34ca209542ad5559ad8dc0dc5bba3/unpaired.c0718e38d917912affa579e1991fba9596a3cc87e0219c95513a52599e490d4c.a3m	true	1262964	input_already_has_existing_msa_paths
H0227	1	cb6d93869aded51940581d412064d3a39385f149bf4cd986a5089f581014540a	877	kept_existing				/scratch/10992/liaorunlong93/casp16-leaderboard/data/msa_cache/store/cb/cb6d93869aded51940581d412064d3a39385f149bf4cd986a5089f581014540a/paired.a3dcaf9614f3c812bdbca92d81c7f5dd1ac6a4435a3e5a8927d692ea6828072f.a3m	true	3368216	/scratch/10992/liaorunlong93/casp16-leaderboard/data/msa_cache/store/cb/cb6d93869aded51940581d412064d3a39385f149bf4cd986a5089f581014540a/unpaired.7bd5bf55642d505f7c95f03f3bc5677da59541142ac70e146f3d18fdeee585e0.a3m	true	3643427	input_already_has_existing_msa_paths
H1227	0	cd4c4a5265b6324b7639487f6a6550ec0ca34ca209542ad5559ad8dc0dc5bba3	427	kept_existing				/scratch/10992/liaorunlong93/casp16-leaderboard/data/msa_cache/store/cd/cd4c4a5265b6324b7639487f6a6550ec0ca34ca209542ad5559ad8dc0dc5bba3/paired.a22917c4f0ce4ced9a0e320e38b9041dbfed66c9c583a3f3793a9ff2657c55f1.a3m	true	1438077	/scratch/10992/liaorunlong93/casp16-leaderboard/data/msa_cache/store/cd/cd4c4a5265b6324b7639487f6a6550ec0ca34ca209542ad5559ad8dc0dc5bba3/unpaired.c0718e38d917912affa579e1991fba9596a3cc87e0219c95513a52599e490d4c.a3m	true	1262964	input_already_has_existing_msa_paths
H1227	1	cb6d93869aded51940581d412064d3a39385f149bf4cd986a5089f581014540a	877	kept_existing				/scratch/10992/liaorunlong93/casp16-leaderboard/data/msa_cache/store/cb/cb6d93869aded51940581d412064d3a39385f149bf4cd986a5089f581014540a/paired.a3dcaf9614f3c812bdbca92d81c7f5dd1ac6a4435a3e5a8927d692ea6828072f.a3m	true	3368216	/scratch/10992/liaorunlong93/casp16-leaderboard/data/msa_cache/store/cb/cb6d93869aded51940581d412064d3a39385f149bf4cd986a5089f581014540a/unpaired.7bd5bf55642d505f7c95f03f3bc5677da59541142ac70e146f3d18fdeee585e0.a3m	true	3643427	input_already_has_existing_msa_paths
H2227	0	cd4c4a5265b6324b7639487f6a6550ec0ca34ca209542ad5559ad8dc0dc5bba3	427	kept_existing				/scratch/10992/liaorunlong93/casp16-leaderboard/data/msa_cache/store/cd/cd4c4a5265b6324b7639487f6a6550ec0ca34ca209542ad5559ad8dc0dc5bba3/paired.a22917c4f0ce4ced9a0e320e38b9041dbfed66c9c583a3f3793a9ff2657c55f1.a3m	true	1438077	/scratch/10992/liaorunlong93/casp16-leaderboard/data/msa_cache/store/cd/cd4c4a5265b6324b7639487f6a6550ec0ca34ca209542ad5559ad8dc0dc5bba3/unpaired.c0718e38d917912affa579e1991fba9596a3cc87e0219c95513a52599e490d4c.a3m	true	1262964	input_already_has_existing_msa_paths
H2227	1	cb6d93869aded51940581d412064d3a39385f149bf4cd986a5089f581014540a	877	kept_existing				/scratch/10992/liaorunlong93/casp16-leaderboard/data/msa_cache/store/cb/cb6d93869aded51940581d412064d3a39385f149bf4cd986a5089f581014540a/paired.a3dcaf9614f3c812bdbca92d81c7f5dd1ac6a4435a3e5a8927d692ea6828072f.a3m	true	3368216	/scratch/10992/liaorunlong93/casp16-leaderboard/data/msa_cache/store/cb/cb6d93869aded51940581d412064d3a39385f149bf4cd986a5089f581014540a/unpaired.7bd5bf55642d505f7c95f03f3bc5677da59541142ac70e146f3d18fdeee585e0.a3m	true	3643427	input_already_has_existing_msa_paths
H0233	0	570d3e1904da25045a83432e77416530f2033e20a68423e9ebd0d8ee834f6f69	219	kept_existing				/scratch/10992/liaorunlong93/casp16-leaderboard/data/msa_cache/store/57/570d3e1904da25045a83432e77416530f2033e20a68423e9ebd0d8ee834f6f69/paired.cbe60148b8b3c54262e42551c9473489c41f6eed8b574c3fc3fd825595fd725d.a3m	true	24004	/scratch/10992/liaorunlong93/casp16-leaderboard/data/msa_cache/store/57/570d3e1904da25045a83432e77416530f2033e20a68423e9ebd0d8ee834f6f69/unpaired.8d76efff9d13664ecbfa46a5c8afb4de621453f3f6ba41166cad1edcca9eacb6.a3m	true	2837	input_already_has_existing_msa_paths
H0233	1	1b3fe6b3e06757c1c0da296235bbecd66da13b3c94651f21e398dffa0a04e8a7	222	kept_existing				/scratch/10992/liaorunlong93/casp16-leaderboard/data/msa_cache/store/1b/1b3fe6b3e06757c1c0da296235bbecd66da13b3c94651f21e398dffa0a04e8a7/paired.678b8acfd7bec5547ecc660859262beb0a5b9e36a28d288ef8cef144308c8e88.a3m	true	2989792	/scratch/10992/liaorunlong93/casp16-leaderboard/data/msa_cache/store/1b/1b3fe6b3e06757c1c0da296235bbecd66da13b3c94651f21e398dffa0a04e8a7/unpaired.408408dfea5b5e42be2b097bf1909de80d6314f4da53dd6f6a223f39223e9237.a3m	true	387993	input_already_has_existing_msa_paths
H0233	2	447ed8e37d467004c78be9ceb19e2c1844e2ada833674360d0d633e82d0a2a16	217	kept_existing				/scratch/10992/liaorunlong93/casp16-leaderboard/data/msa_cache/store/44/447ed8e37d467004c78be9ceb19e2c1844e2ada833674360d0d633e82d0a2a16/paired.75700ae6c773de1bb78ce82a16d7545bfada46d5088ff10c786e0fe443517141.a3m	true	2484800	/scratch/10992/liaorunlong93/casp16-leaderboard/data/msa_cache/store/44/447ed8e37d467004c78be9ceb19e2c1844e2ada833674360d0d633e82d0a2a16/unpaired.7ba260a689e530e7e551efe558c073e821aedcb64cbe6dffab3550db24fa55bf.a3m	true	234943	input_already_has_existing_msa_paths
H1233	0	570d3e1904da25045a83432e77416530f2033e20a68423e9ebd0d8ee834f6f69	219	kept_existing				/scratch/10992/liaorunlong93/casp16-leaderboard/data/msa_cache/store/57/570d3e1904da25045a83432e77416530f2033e20a68423e9ebd0d8ee834f6f69/paired.cbe60148b8b3c54262e42551c9473489c41f6eed8b574c3fc3fd825595fd725d.a3m	true	24004	/scratch/10992/liaorunlong93/casp16-leaderboard/data/msa_cache/store/57/570d3e1904da25045a83432e77416530f2033e20a68423e9ebd0d8ee834f6f69/unpaired.8d76efff9d13664ecbfa46a5c8afb4de621453f3f6ba41166cad1edcca9eacb6.a3m	true	2837	input_already_has_existing_msa_paths
H1233	1	1b3fe6b3e06757c1c0da296235bbecd66da13b3c94651f21e398dffa0a04e8a7	222	kept_existing				/scratch/10992/liaorunlong93/casp16-leaderboard/data/msa_cache/store/1b/1b3fe6b3e06757c1c0da296235bbecd66da13b3c94651f21e398dffa0a04e8a7/paired.678b8acfd7bec5547ecc660859262beb0a5b9e36a28d288ef8cef144308c8e88.a3m	true	2989792	/scratch/10992/liaorunlong93/casp16-leaderboard/data/msa_cache/store/1b/1b3fe6b3e06757c1c0da296235bbecd66da13b3c94651f21e398dffa0a04e8a7/unpaired.408408dfea5b5e42be2b097bf1909de80d6314f4da53dd6f6a223f39223e9237.a3m	true	387993	input_already_has_existing_msa_paths
H1233	2	447ed8e37d467004c78be9ceb19e2c1844e2ada833674360d0d633e82d0a2a16	217	kept_existing				/scratch/10992/liaorunlong93/casp16-leaderboard/data/msa_cache/store/44/447ed8e37d467004c78be9ceb19e2c1844e2ada833674360d0d633e82d0a2a16/paired.75700ae6c773de1bb78ce82a16d7545bfada46d5088ff10c786e0fe443517141.a3m	true	2484800	/scratch/10992/liaorunlong93/casp16-leaderboard/data/msa_cache/store/44/447ed8e37d467004c78be9ceb19e2c1844e2ada833674360d0d633e82d0a2a16/unpaired.7ba260a689e530e7e551efe558c073e821aedcb64cbe6dffab3550db24fa55bf.a3m	true	234943	input_already_has_existing_msa_paths
H2233	0	570d3e1904da25045a83432e77416530f2033e20a68423e9ebd0d8ee834f6f69	219	kept_existing				/scratch/10992/liaorunlong93/casp16-leaderboard/data/msa_cache/store/57/570d3e1904da25045a83432e77416530f2033e20a68423e9ebd0d8ee834f6f69/paired.cbe60148b8b3c54262e42551c9473489c41f6eed8b574c3fc3fd825595fd725d.a3m	true	24004	/scratch/10992/liaorunlong93/casp16-leaderboard/data/msa_cache/store/57/570d3e1904da25045a83432e77416530f2033e20a68423e9ebd0d8ee834f6f69/unpaired.8d76efff9d13664ecbfa46a5c8afb4de621453f3f6ba41166cad1edcca9eacb6.a3m	true	2837	input_already_has_existing_msa_paths
H2233	1	1b3fe6b3e06757c1c0da296235bbecd66da13b3c94651f21e398dffa0a04e8a7	222	kept_existing				/scratch/10992/liaorunlong93/casp16-leaderboard/data/msa_cache/store/1b/1b3fe6b3e06757c1c0da296235bbecd66da13b3c94651f21e398dffa0a04e8a7/paired.678b8acfd7bec5547ecc660859262beb0a5b9e36a28d288ef8cef144308c8e88.a3m	true	2989792	/scratch/10992/liaorunlong93/casp16-leaderboard/data/msa_cache/store/1b/1b3fe6b3e06757c1c0da296235bbecd66da13b3c94651f21e398dffa0a04e8a7/unpaired.408408dfea5b5e42be2b097bf1909de80d6314f4da53dd6f6a223f39223e9237.a3m	true	387993	input_already_has_existing_msa_paths
H2233	2	447ed8e37d467004c78be9ceb19e2c1844e2ada833674360d0d633e82d0a2a16	217	kept_existing				/scratch/10992/liaorunlong93/casp16-leaderboard/data/msa_cache/store/44/447ed8e37d467004c78be9ceb19e2c1844e2ada833674360d0d633e82d0a2a16/paired.75700ae6c773de1bb78ce82a16d7545bfada46d5088ff10c786e0fe443517141.a3m	true	2484800	/scratch/10992/liaorunlong93/casp16-leaderboard/data/msa_cache/store/44/447ed8e37d467004c78be9ceb19e2c1844e2ada833674360d0d633e82d0a2a16/unpaired.7ba260a689e530e7e551efe558c073e821aedcb64cbe6dffab3550db24fa55bf.a3m	true	234943	input_already_has_existing_msa_paths
H1213	0	90fba215d01f00d4812d10d522eabf6eb6ac5ad1b47bff72a7da973f769ce28d	330	kept_existing				/scratch/10992/liaorunlong93/casp16-leaderboard/data/msa_cache/store/90/90fba215d01f00d4812d10d522eabf6eb6ac5ad1b47bff72a7da973f769ce28d/paired.856ad368e7441f13eb59936f935c3e6246633a72e695af597670f498b4d79147.a3m	true	4539799	/scratch/10992/liaorunlong93/casp16-leaderboard/data/msa_cache/store/90/90fba215d01f00d4812d10d522eabf6eb6ac5ad1b47bff72a7da973f769ce28d/unpaired.125009ee9001148ba99f6e8d87a4b1d45a651f80c24a8e24da41eb070be6ee0c.a3m	true	4418874	input_already_has_existing_msa_paths
H1213	1	2fb2552497b497d799632783cbfd450a16df9e6fedb48d0385d4b6eb832c8ed5	61	kept_existing				/scratch/10992/liaorunlong93/casp16-leaderboard/data/msa_cache/store/2f/2fb2552497b497d799632783cbfd450a16df9e6fedb48d0385d4b6eb832c8ed5/paired.7d6584edcdc517fed4bb230586599bd3e463655925567482d1c69f7137a9fd08.a3m	true	164762	/scratch/10992/liaorunlong93/casp16-leaderboard/data/msa_cache/store/2f/2fb2552497b497d799632783cbfd450a16df9e6fedb48d0385d4b6eb832c8ed5/unpaired.2ae5d049bddcbfbe80bdb047ccee92581c31cca782b2d46fb7b50ef2ba439592.a3m	true	40212	input_already_has_existing_msa_paths
H1213	2	bc769e8d6b33b15fb848f9506696e659721dd4bc76ae673d61f5a8152365fc55	377	kept_existing				/scratch/10992/liaorunlong93/casp16-leaderboard/data/msa_cache/store/bc/bc769e8d6b33b15fb848f9506696e659721dd4bc76ae673d61f5a8152365fc55/paired.371fbdcc4566b775bfcb9a0834fde6c24b20af8b2a3fc5eebe5a9e21c4c15e65.a3m	true	4052833	/scratch/10992/liaorunlong93/casp16-leaderboard/data/msa_cache/store/bc/bc769e8d6b33b15fb848f9506696e659721dd4bc76ae673d61f5a8152365fc55/unpaired.db7196000526488984da84a7bdb1a97339487911d46184f6ef70d4c478fa882f.a3m	true	5664631	input_already_has_existing_msa_paths
H1213	3	660d76f9e39ceeaf131b59e277e62c5fba182b991d0b78ab3f88616fe1a9a5c2	282	kept_existing				/scratch/10992/liaorunlong93/casp16-leaderboard/data/msa_cache/store/66/660d76f9e39ceeaf131b59e277e62c5fba182b991d0b78ab3f88616fe1a9a5c2/paired.a65593d59e8e3e4d16acee0fe516184e971ae18cacf580b5527f92be9747b9e1.a3m	true	825946	/scratch/10992/liaorunlong93/casp16-leaderboard/data/msa_cache/store/66/660d76f9e39ceeaf131b59e277e62c5fba182b991d0b78ab3f88616fe1a9a5c2/unpaired.a4b3f913dd73e6524e7335a07d870570038e5ffb5a65c4859a2c867e2a0a9d9f.a3m	true	651270	input_already_has_existing_msa_paths
H1213	4	c100308d590d792b08f1cde4e1f4a838113bb56aa1caea51a3427e69c4cbf1a1	323	kept_existing				/scratch/10992/liaorunlong93/casp16-leaderboard/data/msa_cache/store/c1/c100308d590d792b08f1cde4e1f4a838113bb56aa1caea51a3427e69c4cbf1a1/paired.d5d46b9e32d0974f7ea7fb0766b43a8e6d2430887bc6a012eb93187c26f7da22.a3m	true	1742504	/scratch/10992/liaorunlong93/casp16-leaderboard/data/msa_cache/store/c1/c100308d590d792b08f1cde4e1f4a838113bb56aa1caea51a3427e69c4cbf1a1/unpaired.32406fab3d712c4b2bb7a7c0d6cfb19154aa96482171dd67097be096f9ae7d46.a3m	true	1477395	input_already_has_existing_msa_paths
H2213	0	90fba215d01f00d4812d10d522eabf6eb6ac5ad1b47bff72a7da973f769ce28d	330	kept_existing				/scratch/10992/liaorunlong93/casp16-leaderboard/data/msa_cache/store/90/90fba215d01f00d4812d10d522eabf6eb6ac5ad1b47bff72a7da973f769ce28d/paired.856ad368e7441f13eb59936f935c3e6246633a72e695af597670f498b4d79147.a3m	true	4539799	/scratch/10992/liaorunlong93/casp16-leaderboard/data/msa_cache/store/90/90fba215d01f00d4812d10d522eabf6eb6ac5ad1b47bff72a7da973f769ce28d/unpaired.125009ee9001148ba99f6e8d87a4b1d45a651f80c24a8e24da41eb070be6ee0c.a3m	true	4418874	input_already_has_existing_msa_paths
H2213	1	2fb2552497b497d799632783cbfd450a16df9e6fedb48d0385d4b6eb832c8ed5	61	kept_existing				/scratch/10992/liaorunlong93/casp16-leaderboard/data/msa_cache/store/2f/2fb2552497b497d799632783cbfd450a16df9e6fedb48d0385d4b6eb832c8ed5/paired.7d6584edcdc517fed4bb230586599bd3e463655925567482d1c69f7137a9fd08.a3m	true	164762	/scratch/10992/liaorunlong93/casp16-leaderboard/data/msa_cache/store/2f/2fb2552497b497d799632783cbfd450a16df9e6fedb48d0385d4b6eb832c8ed5/unpaired.2ae5d049bddcbfbe80bdb047ccee92581c31cca782b2d46fb7b50ef2ba439592.a3m	true	40212	input_already_has_existing_msa_paths
H2213	2	bc769e8d6b33b15fb848f9506696e659721dd4bc76ae673d61f5a8152365fc55	377	kept_existing				/scratch/10992/liaorunlong93/casp16-leaderboard/data/msa_cache/store/bc/bc769e8d6b33b15fb848f9506696e659721dd4bc76ae673d61f5a8152365fc55/paired.371fbdcc4566b775bfcb9a0834fde6c24b20af8b2a3fc5eebe5a9e21c4c15e65.a3m	true	4052833	/scratch/10992/liaorunlong93/casp16-leaderboard/data/msa_cache/store/bc/bc769e8d6b33b15fb848f9506696e659721dd4bc76ae673d61f5a8152365fc55/unpaired.db7196000526488984da84a7bdb1a97339487911d46184f6ef70d4c478fa882f.a3m	true	5664631	input_already_has_existing_msa_paths
H2213	3	660d76f9e39ceeaf131b59e277e62c5fba182b991d0b78ab3f88616fe1a9a5c2	282	kept_existing				/scratch/10992/liaorunlong93/casp16-leaderboard/data/msa_cache/store/66/660d76f9e39ceeaf131b59e277e62c5fba182b991d0b78ab3f88616fe1a9a5c2/paired.a65593d59e8e3e4d16acee0fe516184e971ae18cacf580b5527f92be9747b9e1.a3m	true	825946	/scratch/10992/liaorunlong93/casp16-leaderboard/data/msa_cache/store/66/660d76f9e39ceeaf131b59e277e62c5fba182b991d0b78ab3f88616fe1a9a5c2/unpaired.a4b3f913dd73e6524e7335a07d870570038e5ffb5a65c4859a2c867e2a0a9d9f.a3m	true	651270	input_already_has_existing_msa_paths
H2213	4	c100308d590d792b08f1cde4e1f4a838113bb56aa1caea51a3427e69c4cbf1a1	323	kept_existing				/scratch/10992/liaorunlong93/casp16-leaderboard/data/msa_cache/store/c1/c100308d590d792b08f1cde4e1f4a838113bb56aa1caea51a3427e69c4cbf1a1/paired.d5d46b9e32d0974f7ea7fb0766b43a8e6d2430887bc6a012eb93187c26f7da22.a3m	true	1742504	/scratch/10992/liaorunlong93/casp16-leaderboard/data/msa_cache/store/c1/c100308d590d792b08f1cde4e1f4a838113bb56aa1caea51a3427e69c4cbf1a1/unpaired.32406fab3d712c4b2bb7a7c0d6cfb19154aa96482171dd67097be096f9ae7d46.a3m	true	1477395	input_already_has_existing_msa_paths
T1249V1O	0	1784bf03d1dc24f560d1fc8d2be2ee5c06b56f0324c6b75497fa9a0fdfd9210f	488	kept_existing				/scratch/10992/liaorunlong93/casp16-leaderboard/data/msa_cache/store/17/1784bf03d1dc24f560d1fc8d2be2ee5c06b56f0324c6b75497fa9a0fdfd9210f/paired.768ecae9d29dc438ccedf531f7ab0e818875dddeb0831fceed4cdbccd04f731c.a3m	true	141671	/scratch/10992/liaorunlong93/casp16-leaderboard/data/msa_cache/store/17/1784bf03d1dc24f560d1fc8d2be2ee5c06b56f0324c6b75497fa9a0fdfd9210f/unpaired.6a15684d5019bd94fdc68f7a7cad8cbf032180ee9416af2fc3d4fbef9f356cfb.a3m	true	11174	input_already_has_existing_msa_paths
T2249V1O	0	1784bf03d1dc24f560d1fc8d2be2ee5c06b56f0324c6b75497fa9a0fdfd9210f	488	kept_existing				/scratch/10992/liaorunlong93/casp16-leaderboard/data/msa_cache/store/17/1784bf03d1dc24f560d1fc8d2be2ee5c06b56f0324c6b75497fa9a0fdfd9210f/paired.768ecae9d29dc438ccedf531f7ab0e818875dddeb0831fceed4cdbccd04f731c.a3m	true	141671	/scratch/10992/liaorunlong93/casp16-leaderboard/data/msa_cache/store/17/1784bf03d1dc24f560d1fc8d2be2ee5c06b56f0324c6b75497fa9a0fdfd9210f/unpaired.6a15684d5019bd94fdc68f7a7cad8cbf032180ee9416af2fc3d4fbef9f356cfb.a3m	true	11174	input_already_has_existing_msa_paths
H0236	0	92e0ae5ec6bea77badf08dafbd68178a36fa7245a33b543b0ae70828eb29699e	413	kept_existing				/scratch/10992/liaorunlong93/casp16-leaderboard/data/msa_cache/store/92/92e0ae5ec6bea77badf08dafbd68178a36fa7245a33b543b0ae70828eb29699e/paired.15314eead58e4c97d60bd4f95d3ec7dd0853319910faa090274c6fc62960f0ed.a3m	true	5383	/scratch/10992/liaorunlong93/casp16-leaderboard/data/msa_cache/store/92/92e0ae5ec6bea77badf08dafbd68178a36fa7245a33b543b0ae70828eb29699e/unpaired.e4215bceb45b774c457385f90559faf2576275875ae0d30e8e5ed3c5f3dc27dd.a3m	true	16680	input_already_has_existing_msa_paths
H0236	1	60828aeb55d92f67cd0a5163963debca946a1960214b919cc0de99bcd0c0ba13	115	kept_existing				/scratch/10992/liaorunlong93/casp16-leaderboard/data/msa_cache/store/60/60828aeb55d92f67cd0a5163963debca946a1960214b919cc0de99bcd0c0ba13/paired.916ec02d85caa54aa5d2b22859c5a9df570a75a8e56278eee3f3d22e568ee004.a3m	true	308	/scratch/10992/liaorunlong93/casp16-leaderboard/data/msa_cache/store/60/60828aeb55d92f67cd0a5163963debca946a1960214b919cc0de99bcd0c0ba13/unpaired.d536a2f9acc6465c577ba2060b395140e7c3c0ca0b01bf596977ecc233e769b1.a3m	true	3161	input_already_has_existing_msa_paths
H1236	0	92e0ae5ec6bea77badf08dafbd68178a36fa7245a33b543b0ae70828eb29699e	413	kept_existing				/scratch/10992/liaorunlong93/casp16-leaderboard/data/msa_cache/store/92/92e0ae5ec6bea77badf08dafbd68178a36fa7245a33b543b0ae70828eb29699e/paired.15314eead58e4c97d60bd4f95d3ec7dd0853319910faa090274c6fc62960f0ed.a3m	true	5383	/scratch/10992/liaorunlong93/casp16-leaderboard/data/msa_cache/store/92/92e0ae5ec6bea77badf08dafbd68178a36fa7245a33b543b0ae70828eb29699e/unpaired.e4215bceb45b774c457385f90559faf2576275875ae0d30e8e5ed3c5f3dc27dd.a3m	true	16680	input_already_has_existing_msa_paths
H1236	1	60828aeb55d92f67cd0a5163963debca946a1960214b919cc0de99bcd0c0ba13	115	kept_existing				/scratch/10992/liaorunlong93/casp16-leaderboard/data/msa_cache/store/60/60828aeb55d92f67cd0a5163963debca946a1960214b919cc0de99bcd0c0ba13/paired.916ec02d85caa54aa5d2b22859c5a9df570a75a8e56278eee3f3d22e568ee004.a3m	true	308	/scratch/10992/liaorunlong93/casp16-leaderboard/data/msa_cache/store/60/60828aeb55d92f67cd0a5163963debca946a1960214b919cc0de99bcd0c0ba13/unpaired.d536a2f9acc6465c577ba2060b395140e7c3c0ca0b01bf596977ecc233e769b1.a3m	true	3161	input_already_has_existing_msa_paths
H2236	0	92e0ae5ec6bea77badf08dafbd68178a36fa7245a33b543b0ae70828eb29699e	413	kept_existing				/scratch/10992/liaorunlong93/casp16-leaderboard/data/msa_cache/store/92/92e0ae5ec6bea77badf08dafbd68178a36fa7245a33b543b0ae70828eb29699e/paired.15314eead58e4c97d60bd4f95d3ec7dd0853319910faa090274c6fc62960f0ed.a3m	true	5383	/scratch/10992/liaorunlong93/casp16-leaderboard/data/msa_cache/store/92/92e0ae5ec6bea77badf08dafbd68178a36fa7245a33b543b0ae70828eb29699e/unpaired.e4215bceb45b774c457385f90559faf2576275875ae0d30e8e5ed3c5f3dc27dd.a3m	true	16680	input_already_has_existing_msa_paths
H2236	1	60828aeb55d92f67cd0a5163963debca946a1960214b919cc0de99bcd0c0ba13	115	kept_existing				/scratch/10992/liaorunlong93/casp16-leaderboard/data/msa_cache/store/60/60828aeb55d92f67cd0a5163963debca946a1960214b919cc0de99bcd0c0ba13/paired.916ec02d85caa54aa5d2b22859c5a9df570a75a8e56278eee3f3d22e568ee004.a3m	true	308	/scratch/10992/liaorunlong93/casp16-leaderboard/data/msa_cache/store/60/60828aeb55d92f67cd0a5163963debca946a1960214b919cc0de99bcd0c0ba13/unpaired.d536a2f9acc6465c577ba2060b395140e7c3c0ca0b01bf596977ecc233e769b1.a3m	true	3161	input_already_has_existing_msa_paths
H0272	0	c49d32457da096a73fde5043693ca960def7c03e83f1e749a35e90b78fba1de9	363	kept_existing				/scratch/10992/liaorunlong93/casp16-leaderboard/data/msa_cache/store/c4/c49d32457da096a73fde5043693ca960def7c03e83f1e749a35e90b78fba1de9/paired.9f5c3e2ca3ef9ad14d3a29ecc05f1bc792cdf7eb007fd35c6cdfd6ac9c1009e2.a3m	true	320228	/scratch/10992/liaorunlong93/casp16-leaderboard/data/msa_cache/store/c4/c49d32457da096a73fde5043693ca960def7c03e83f1e749a35e90b78fba1de9/unpaired.d680b5c515a76ece8ebb618bfef81c058642daf6f7c63865769e190a455acb1f.a3m	true	62906	input_already_has_existing_msa_paths
H0272	1	594d664fdbdb4440f603feed41ee6c5456c1da34e90f529623fdf53dafb8049c	318	kept_existing				/scratch/10992/liaorunlong93/casp16-leaderboard/data/msa_cache/store/59/594d664fdbdb4440f603feed41ee6c5456c1da34e90f529623fdf53dafb8049c/paired.5ce17f1a1c8f505e80ac69dab558cb1d37a75d114af21379f8bf70a4ee639211.a3m	true	143037	/scratch/10992/liaorunlong93/casp16-leaderboard/data/msa_cache/store/59/594d664fdbdb4440f603feed41ee6c5456c1da34e90f529623fdf53dafb8049c/unpaired.9aa874ffb62e3e7308bac5efbeaee71df045730393436e30791e795d3730a535.a3m	true	77044	input_already_has_existing_msa_paths
H0272	2	a50dfbae3f7c9e8d0f19a4a0684e7652bcb198bb71494c2077243cbbd55d8774	289	kept_existing				/scratch/10992/liaorunlong93/casp16-leaderboard/data/msa_cache/store/a5/a50dfbae3f7c9e8d0f19a4a0684e7652bcb198bb71494c2077243cbbd55d8774/paired.b13dfe730b1d387c01917394dd9575833d2f36c77224d0fc2c3928060db76748.a3m	true	411870	/scratch/10992/liaorunlong93/casp16-leaderboard/data/msa_cache/store/a5/a50dfbae3f7c9e8d0f19a4a0684e7652bcb198bb71494c2077243cbbd55d8774/unpaired.91fc3d60bd18df80909d6951dafa12cce4b506efaa59cd79581c2ebccff06c2a.a3m	true	129317	input_already_has_existing_msa_paths
H0272	3	53a06b91c7f77a9d41761b633b714405cdcd324afdc601cde8434f9506a25b07	291	kept_existing				/scratch/10992/liaorunlong93/casp16-leaderboard/data/msa_cache/store/53/53a06b91c7f77a9d41761b633b714405cdcd324afdc601cde8434f9506a25b07/paired.a02388b1bbe3d3c7389fe299d672e2c246c313fcef198424ea1ac1b972545b16.a3m	true	415778	/scratch/10992/liaorunlong93/casp16-leaderboard/data/msa_cache/store/53/53a06b91c7f77a9d41761b633b714405cdcd324afdc601cde8434f9506a25b07/unpaired.46a73ca1ea0292f55095bcfa9035af9b67ad1e0437291eda69e60c6ad7177f06.a3m	true	134313	input_already_has_existing_msa_paths
H0272	4	14b8ea863c0aba246ae40b8b5b4c025d2f86c78f451226793f205886d02c3d8b	624	kept_existing				/scratch/10992/liaorunlong93/casp16-leaderboard/data/msa_cache/store/14/14b8ea863c0aba246ae40b8b5b4c025d2f86c78f451226793f205886d02c3d8b/paired.8cf940f46dfd587d904dcff593bc470fad3c7f20b05a38b88dcce0adb2042ecd.a3m	true	697826	/scratch/10992/liaorunlong93/casp16-leaderboard/data/msa_cache/store/14/14b8ea863c0aba246ae40b8b5b4c025d2f86c78f451226793f205886d02c3d8b/unpaired.920cbed3330d7d0585229963e0591f4acd0d92d1d350578dd2a1e6ea4eb00e42.a3m	true	620646	input_already_has_existing_msa_paths
H0272	5	3e872160278b1f1be39d45cded20127e8285a432cfdb92a2077ea1e2c89eaab1	202	kept_existing				/scratch/10992/liaorunlong93/casp16-leaderboard/data/msa_cache/store/3e/3e872160278b1f1be39d45cded20127e8285a432cfdb92a2077ea1e2c89eaab1/paired.384f07e6e3c3474f345b17794210eb6ef53cbe4021f048de20faf101fa19e218.a3m	true	312321	/scratch/10992/liaorunlong93/casp16-leaderboard/data/msa_cache/store/3e/3e872160278b1f1be39d45cded20127e8285a432cfdb92a2077ea1e2c89eaab1/unpaired.3b662685c1100b59afd289ca25473afc6160c057a4c80aad21d8ec081e2cd27b.a3m	true	112658	input_already_has_existing_msa_paths
H0272	6	b704bdc4d3b799ff5c0af5f22d19fc734bf7123aec2cdddb6eb696b0f7030a09	198	kept_existing				/scratch/10992/liaorunlong93/casp16-leaderboard/data/msa_cache/store/b7/b704bdc4d3b799ff5c0af5f22d19fc734bf7123aec2cdddb6eb696b0f7030a09/paired.27afe716f2f01816fbed65f55f6413379b7d954ec431c412b8644119f5fcce09.a3m	true	160833	/scratch/10992/liaorunlong93/casp16-leaderboard/data/msa_cache/store/b7/b704bdc4d3b799ff5c0af5f22d19fc734bf7123aec2cdddb6eb696b0f7030a09/unpaired.73eddacc058ac357f21ff1a8914f03e290c03c6d66bb1622fea6a71e99858033.a3m	true	21279	input_already_has_existing_msa_paths
H1272	0	c49d32457da096a73fde5043693ca960def7c03e83f1e749a35e90b78fba1de9	363	kept_existing				/scratch/10992/liaorunlong93/casp16-leaderboard/data/msa_cache/store/c4/c49d32457da096a73fde5043693ca960def7c03e83f1e749a35e90b78fba1de9/paired.9f5c3e2ca3ef9ad14d3a29ecc05f1bc792cdf7eb007fd35c6cdfd6ac9c1009e2.a3m	true	320228	/scratch/10992/liaorunlong93/casp16-leaderboard/data/msa_cache/store/c4/c49d32457da096a73fde5043693ca960def7c03e83f1e749a35e90b78fba1de9/unpaired.d680b5c515a76ece8ebb618bfef81c058642daf6f7c63865769e190a455acb1f.a3m	true	62906	input_already_has_existing_msa_paths
H1272	1	594d664fdbdb4440f603feed41ee6c5456c1da34e90f529623fdf53dafb8049c	318	kept_existing				/scratch/10992/liaorunlong93/casp16-leaderboard/data/msa_cache/store/59/594d664fdbdb4440f603feed41ee6c5456c1da34e90f529623fdf53dafb8049c/paired.5ce17f1a1c8f505e80ac69dab558cb1d37a75d114af21379f8bf70a4ee639211.a3m	true	143037	/scratch/10992/liaorunlong93/casp16-leaderboard/data/msa_cache/store/59/594d664fdbdb4440f603feed41ee6c5456c1da34e90f529623fdf53dafb8049c/unpaired.9aa874ffb62e3e7308bac5efbeaee71df045730393436e30791e795d3730a535.a3m	true	77044	input_already_has_existing_msa_paths
H1272	2	a50dfbae3f7c9e8d0f19a4a0684e7652bcb198bb71494c2077243cbbd55d8774	289	kept_existing				/scratch/10992/liaorunlong93/casp16-leaderboard/data/msa_cache/store/a5/a50dfbae3f7c9e8d0f19a4a0684e7652bcb198bb71494c2077243cbbd55d8774/paired.b13dfe730b1d387c01917394dd9575833d2f36c77224d0fc2c3928060db76748.a3m	true	411870	/scratch/10992/liaorunlong93/casp16-leaderboard/data/msa_cache/store/a5/a50dfbae3f7c9e8d0f19a4a0684e7652bcb198bb71494c2077243cbbd55d8774/unpaired.91fc3d60bd18df80909d6951dafa12cce4b506efaa59cd79581c2ebccff06c2a.a3m	true	129317	input_already_has_existing_msa_paths
H1272	3	53a06b91c7f77a9d41761b633b714405cdcd324afdc601cde8434f9506a25b07	291	kept_existing				/scratch/10992/liaorunlong93/casp16-leaderboard/data/msa_cache/store/53/53a06b91c7f77a9d41761b633b714405cdcd324afdc601cde8434f9506a25b07/paired.a02388b1bbe3d3c7389fe299d672e2c246c313fcef198424ea1ac1b972545b16.a3m	true	415778	/scratch/10992/liaorunlong93/casp16-leaderboard/data/msa_cache/store/53/53a06b91c7f77a9d41761b633b714405cdcd324afdc601cde8434f9506a25b07/unpaired.46a73ca1ea0292f55095bcfa9035af9b67ad1e0437291eda69e60c6ad7177f06.a3m	true	134313	input_already_has_existing_msa_paths
H1272	4	14b8ea863c0aba246ae40b8b5b4c025d2f86c78f451226793f205886d02c3d8b	624	kept_existing				/scratch/10992/liaorunlong93/casp16-leaderboard/data/msa_cache/store/14/14b8ea863c0aba246ae40b8b5b4c025d2f86c78f451226793f205886d02c3d8b/paired.8cf940f46dfd587d904dcff593bc470fad3c7f20b05a38b88dcce0adb2042ecd.a3m	true	697826	/scratch/10992/liaorunlong93/casp16-leaderboard/data/msa_cache/store/14/14b8ea863c0aba246ae40b8b5b4c025d2f86c78f451226793f205886d02c3d8b/unpaired.920cbed3330d7d0585229963e0591f4acd0d92d1d350578dd2a1e6ea4eb00e42.a3m	true	620646	input_already_has_existing_msa_paths
H1272	5	3e872160278b1f1be39d45cded20127e8285a432cfdb92a2077ea1e2c89eaab1	202	kept_existing				/scratch/10992/liaorunlong93/casp16-leaderboard/data/msa_cache/store/3e/3e872160278b1f1be39d45cded20127e8285a432cfdb92a2077ea1e2c89eaab1/paired.384f07e6e3c3474f345b17794210eb6ef53cbe4021f048de20faf101fa19e218.a3m	true	312321	/scratch/10992/liaorunlong93/casp16-leaderboard/data/msa_cache/store/3e/3e872160278b1f1be39d45cded20127e8285a432cfdb92a2077ea1e2c89eaab1/unpaired.3b662685c1100b59afd289ca25473afc6160c057a4c80aad21d8ec081e2cd27b.a3m	true	112658	input_already_has_existing_msa_paths
H1272	6	b704bdc4d3b799ff5c0af5f22d19fc734bf7123aec2cdddb6eb696b0f7030a09	198	kept_existing				/scratch/10992/liaorunlong93/casp16-leaderboard/data/msa_cache/store/b7/b704bdc4d3b799ff5c0af5f22d19fc734bf7123aec2cdddb6eb696b0f7030a09/paired.27afe716f2f01816fbed65f55f6413379b7d954ec431c412b8644119f5fcce09.a3m	true	160833	/scratch/10992/liaorunlong93/casp16-leaderboard/data/msa_cache/store/b7/b704bdc4d3b799ff5c0af5f22d19fc734bf7123aec2cdddb6eb696b0f7030a09/unpaired.73eddacc058ac357f21ff1a8914f03e290c03c6d66bb1622fea6a71e99858033.a3m	true	21279	input_already_has_existing_msa_paths
H2272	0	c49d32457da096a73fde5043693ca960def7c03e83f1e749a35e90b78fba1de9	363	kept_existing				/scratch/10992/liaorunlong93/casp16-leaderboard/data/msa_cache/store/c4/c49d32457da096a73fde5043693ca960def7c03e83f1e749a35e90b78fba1de9/paired.9f5c3e2ca3ef9ad14d3a29ecc05f1bc792cdf7eb007fd35c6cdfd6ac9c1009e2.a3m	true	320228	/scratch/10992/liaorunlong93/casp16-leaderboard/data/msa_cache/store/c4/c49d32457da096a73fde5043693ca960def7c03e83f1e749a35e90b78fba1de9/unpaired.d680b5c515a76ece8ebb618bfef81c058642daf6f7c63865769e190a455acb1f.a3m	true	62906	input_already_has_existing_msa_paths
H2272	1	594d664fdbdb4440f603feed41ee6c5456c1da34e90f529623fdf53dafb8049c	318	kept_existing				/scratch/10992/liaorunlong93/casp16-leaderboard/data/msa_cache/store/59/594d664fdbdb4440f603feed41ee6c5456c1da34e90f529623fdf53dafb8049c/paired.5ce17f1a1c8f505e80ac69dab558cb1d37a75d114af21379f8bf70a4ee639211.a3m	true	143037	/scratch/10992/liaorunlong93/casp16-leaderboard/data/msa_cache/store/59/594d664fdbdb4440f603feed41ee6c5456c1da34e90f529623fdf53dafb8049c/unpaired.9aa874ffb62e3e7308bac5efbeaee71df045730393436e30791e795d3730a535.a3m	true	77044	input_already_has_existing_msa_paths
H2272	2	a50dfbae3f7c9e8d0f19a4a0684e7652bcb198bb71494c2077243cbbd55d8774	289	kept_existing				/scratch/10992/liaorunlong93/casp16-leaderboard/data/msa_cache/store/a5/a50dfbae3f7c9e8d0f19a4a0684e7652bcb198bb71494c2077243cbbd55d8774/paired.b13dfe730b1d387c01917394dd9575833d2f36c77224d0fc2c3928060db76748.a3m	true	411870	/scratch/10992/liaorunlong93/casp16-leaderboard/data/msa_cache/store/a5/a50dfbae3f7c9e8d0f19a4a0684e7652bcb198bb71494c2077243cbbd55d8774/unpaired.91fc3d60bd18df80909d6951dafa12cce4b506efaa59cd79581c2ebccff06c2a.a3m	true	129317	input_already_has_existing_msa_paths
H2272	3	53a06b91c7f77a9d41761b633b714405cdcd324afdc601cde8434f9506a25b07	291	kept_existing				/scratch/10992/liaorunlong93/casp16-leaderboard/data/msa_cache/store/53/53a06b91c7f77a9d41761b633b714405cdcd324afdc601cde8434f9506a25b07/paired.a02388b1bbe3d3c7389fe299d672e2c246c313fcef198424ea1ac1b972545b16.a3m	true	415778	/scratch/10992/liaorunlong93/casp16-leaderboard/data/msa_cache/store/53/53a06b91c7f77a9d41761b633b714405cdcd324afdc601cde8434f9506a25b07/unpaired.46a73ca1ea0292f55095bcfa9035af9b67ad1e0437291eda69e60c6ad7177f06.a3m	true	134313	input_already_has_existing_msa_paths
H2272	4	14b8ea863c0aba246ae40b8b5b4c025d2f86c78f451226793f205886d02c3d8b	624	kept_existing				/scratch/10992/liaorunlong93/casp16-leaderboard/data/msa_cache/store/14/14b8ea863c0aba246ae40b8b5b4c025d2f86c78f451226793f205886d02c3d8b/paired.8cf940f46dfd587d904dcff593bc470fad3c7f20b05a38b88dcce0adb2042ecd.a3m	true	697826	/scratch/10992/liaorunlong93/casp16-leaderboard/data/msa_cache/store/14/14b8ea863c0aba246ae40b8b5b4c025d2f86c78f451226793f205886d02c3d8b/unpaired.920cbed3330d7d0585229963e0591f4acd0d92d1d350578dd2a1e6ea4eb00e42.a3m	true	620646	input_already_has_existing_msa_paths
H2272	5	3e872160278b1f1be39d45cded20127e8285a432cfdb92a2077ea1e2c89eaab1	202	kept_existing				/scratch/10992/liaorunlong93/casp16-leaderboard/data/msa_cache/store/3e/3e872160278b1f1be39d45cded20127e8285a432cfdb92a2077ea1e2c89eaab1/paired.384f07e6e3c3474f345b17794210eb6ef53cbe4021f048de20faf101fa19e218.a3m	true	312321	/scratch/10992/liaorunlong93/casp16-leaderboard/data/msa_cache/store/3e/3e872160278b1f1be39d45cded20127e8285a432cfdb92a2077ea1e2c89eaab1/unpaired.3b662685c1100b59afd289ca25473afc6160c057a4c80aad21d8ec081e2cd27b.a3m	true	112658	input_already_has_existing_msa_paths
H2272	6	b704bdc4d3b799ff5c0af5f22d19fc734bf7123aec2cdddb6eb696b0f7030a09	198	kept_existing				/scratch/10992/liaorunlong93/casp16-leaderboard/data/msa_cache/store/b7/b704bdc4d3b799ff5c0af5f22d19fc734bf7123aec2cdddb6eb696b0f7030a09/paired.27afe716f2f01816fbed65f55f6413379b7d954ec431c412b8644119f5fcce09.a3m	true	160833	/scratch/10992/liaorunlong93/casp16-leaderboard/data/msa_cache/store/b7/b704bdc4d3b799ff5c0af5f22d19fc734bf7123aec2cdddb6eb696b0f7030a09/unpaired.73eddacc058ac357f21ff1a8914f03e290c03c6d66bb1622fea6a71e99858033.a3m	true	21279	input_already_has_existing_msa_paths
H0220	0	59a239546373319bc924d972c6279be91b01ece6ee5ccdf8f760bb4874bd9ee9	1711	kept_existing				/scratch/10992/liaorunlong93/casp16-leaderboard/data/msa_cache/store/59/59a239546373319bc924d972c6279be91b01ece6ee5ccdf8f760bb4874bd9ee9/paired.baf966e8dc0f013a00544f69b7928d7493ee07d3ea0a46a9c619b60641193978.a3m	true	155803	/scratch/10992/liaorunlong93/casp16-leaderboard/data/msa_cache/store/59/59a239546373319bc924d972c6279be91b01ece6ee5ccdf8f760bb4874bd9ee9/unpaired.b06a3518cc2d290d82b4ee897642ced087bbacff3fd7e7a872dceb903468e1f9.a3m	true	33796	input_already_has_existing_msa_paths
H0220	1	83dbd06877dc56689f7a06217b8d57ca8976659e0715bc05ffd5638f3d79d2f1	201	kept_existing				/scratch/10992/liaorunlong93/casp16-leaderboard/data/msa_cache/store/83/83dbd06877dc56689f7a06217b8d57ca8976659e0715bc05ffd5638f3d79d2f1/paired.6cebb06c1a4f8e8207f9f590b6c193ab96fdafa9c47377dd5c46895c8be94d59.a3m	true	8067	/scratch/10992/liaorunlong93/casp16-leaderboard/data/msa_cache/store/83/83dbd06877dc56689f7a06217b8d57ca8976659e0715bc05ffd5638f3d79d2f1/unpaired.29355a05191ffc3b5cd12c3646c182c80b1e943bb2b42b9ca7197478f9442fc8.a3m	true	3261	input_already_has_existing_msa_paths
H1220	0	59a239546373319bc924d972c6279be91b01ece6ee5ccdf8f760bb4874bd9ee9	1711	kept_existing				/scratch/10992/liaorunlong93/casp16-leaderboard/data/msa_cache/store/59/59a239546373319bc924d972c6279be91b01ece6ee5ccdf8f760bb4874bd9ee9/paired.baf966e8dc0f013a00544f69b7928d7493ee07d3ea0a46a9c619b60641193978.a3m	true	155803	/scratch/10992/liaorunlong93/casp16-leaderboard/data/msa_cache/store/59/59a239546373319bc924d972c6279be91b01ece6ee5ccdf8f760bb4874bd9ee9/unpaired.b06a3518cc2d290d82b4ee897642ced087bbacff3fd7e7a872dceb903468e1f9.a3m	true	33796	input_already_has_existing_msa_paths
H1220	1	83dbd06877dc56689f7a06217b8d57ca8976659e0715bc05ffd5638f3d79d2f1	201	kept_existing				/scratch/10992/liaorunlong93/casp16-leaderboard/data/msa_cache/store/83/83dbd06877dc56689f7a06217b8d57ca8976659e0715bc05ffd5638f3d79d2f1/paired.6cebb06c1a4f8e8207f9f590b6c193ab96fdafa9c47377dd5c46895c8be94d59.a3m	true	8067	/scratch/10992/liaorunlong93/casp16-leaderboard/data/msa_cache/store/83/83dbd06877dc56689f7a06217b8d57ca8976659e0715bc05ffd5638f3d79d2f1/unpaired.29355a05191ffc3b5cd12c3646c182c80b1e943bb2b42b9ca7197478f9442fc8.a3m	true	3261	input_already_has_existing_msa_paths
H2220	0	59a239546373319bc924d972c6279be91b01ece6ee5ccdf8f760bb4874bd9ee9	1711	kept_existing				/scratch/10992/liaorunlong93/casp16-leaderboard/data/msa_cache/store/59/59a239546373319bc924d972c6279be91b01ece6ee5ccdf8f760bb4874bd9ee9/paired.baf966e8dc0f013a00544f69b7928d7493ee07d3ea0a46a9c619b60641193978.a3m	true	155803	/scratch/10992/liaorunlong93/casp16-leaderboard/data/msa_cache/store/59/59a239546373319bc924d972c6279be91b01ece6ee5ccdf8f760bb4874bd9ee9/unpaired.b06a3518cc2d290d82b4ee897642ced087bbacff3fd7e7a872dceb903468e1f9.a3m	true	33796	input_already_has_existing_msa_paths
H2220	1	83dbd06877dc56689f7a06217b8d57ca8976659e0715bc05ffd5638f3d79d2f1	201	kept_existing				/scratch/10992/liaorunlong93/casp16-leaderboard/data/msa_cache/store/83/83dbd06877dc56689f7a06217b8d57ca8976659e0715bc05ffd5638f3d79d2f1/paired.6cebb06c1a4f8e8207f9f590b6c193ab96fdafa9c47377dd5c46895c8be94d59.a3m	true	8067	/scratch/10992/liaorunlong93/casp16-leaderboard/data/msa_cache/store/83/83dbd06877dc56689f7a06217b8d57ca8976659e0715bc05ffd5638f3d79d2f1/unpaired.29355a05191ffc3b5cd12c3646c182c80b1e943bb2b42b9ca7197478f9442fc8.a3m	true	3261	input_already_has_existing_msa_paths
H0258	0	f1dd6dfa4634f6c87ed6456d63764c893d6169525d978b7a78dbc1f4c8575483	2535	kept_existing				/scratch/10992/liaorunlong93/casp16-leaderboard/data/msa_cache/store/f1/f1dd6dfa4634f6c87ed6456d63764c893d6169525d978b7a78dbc1f4c8575483/paired.4962b208694b3ac32d83abb83f77da0ffc977488bfcff93d1dcaf1f63f34aaf9.a3m	true	13579372	/scratch/10992/liaorunlong93/casp16-leaderboard/data/msa_cache/store/f1/f1dd6dfa4634f6c87ed6456d63764c893d6169525d978b7a78dbc1f4c8575483/unpaired.7ec81cdd48a95814fe2e231d2508c45dd9b1a8a34bbf1353f7f82b04ccb6a992.a3m	true	10681136	input_already_has_existing_msa_paths
H1258	0	f1dd6dfa4634f6c87ed6456d63764c893d6169525d978b7a78dbc1f4c8575483	2535	kept_existing				/scratch/10992/liaorunlong93/casp16-leaderboard/data/msa_cache/store/f1/f1dd6dfa4634f6c87ed6456d63764c893d6169525d978b7a78dbc1f4c8575483/paired.4962b208694b3ac32d83abb83f77da0ffc977488bfcff93d1dcaf1f63f34aaf9.a3m	true	13579372	/scratch/10992/liaorunlong93/casp16-leaderboard/data/msa_cache/store/f1/f1dd6dfa4634f6c87ed6456d63764c893d6169525d978b7a78dbc1f4c8575483/unpaired.7ec81cdd48a95814fe2e231d2508c45dd9b1a8a34bbf1353f7f82b04ccb6a992.a3m	true	10681136	input_already_has_existing_msa_paths
H2258	0	f1dd6dfa4634f6c87ed6456d63764c893d6169525d978b7a78dbc1f4c8575483	2535	kept_existing				/scratch/10992/liaorunlong93/casp16-leaderboard/data/msa_cache/store/f1/f1dd6dfa4634f6c87ed6456d63764c893d6169525d978b7a78dbc1f4c8575483/paired.4962b208694b3ac32d83abb83f77da0ffc977488bfcff93d1dcaf1f63f34aaf9.a3m	true	13579372	/scratch/10992/liaorunlong93/casp16-leaderboard/data/msa_cache/store/f1/f1dd6dfa4634f6c87ed6456d63764c893d6169525d978b7a78dbc1f4c8575483/unpaired.7ec81cdd48a95814fe2e231d2508c45dd9b1a8a34bbf1353f7f82b04ccb6a992.a3m	true	10681136	input_already_has_existing_msa_paths
T0206	0	f88188b8caba776501637651f3c41ab3b08bbc237761c098d25da0490332318a	237	kept_existing				/scratch/10992/liaorunlong93/casp16-leaderboard/data/msa_cache/store/f8/f88188b8caba776501637651f3c41ab3b08bbc237761c098d25da0490332318a/paired.383974df59ba251679051b4eb019b7e08b3dbd13c2dd127def99037158e58d93.a3m	true	15063	/scratch/10992/liaorunlong93/casp16-leaderboard/data/msa_cache/store/f8/f88188b8caba776501637651f3c41ab3b08bbc237761c098d25da0490332318a/unpaired.3298e8f46eb3600e5e199738bbbdfd2f97a97ab14d5defb4c615df7ecefeeae0.a3m	true	2912	input_already_has_existing_msa_paths
T0234	0	92e0ae5ec6bea77badf08dafbd68178a36fa7245a33b543b0ae70828eb29699e	413	kept_existing				/scratch/10992/liaorunlong93/casp16-leaderboard/data/msa_cache/store/92/92e0ae5ec6bea77badf08dafbd68178a36fa7245a33b543b0ae70828eb29699e/paired.15314eead58e4c97d60bd4f95d3ec7dd0853319910faa090274c6fc62960f0ed.a3m	true	5383	/scratch/10992/liaorunlong93/casp16-leaderboard/data/msa_cache/store/92/92e0ae5ec6bea77badf08dafbd68178a36fa7245a33b543b0ae70828eb29699e/unpaired.e4215bceb45b774c457385f90559faf2576275875ae0d30e8e5ed3c5f3dc27dd.a3m	true	16680	input_already_has_existing_msa_paths
T0235	0	60828aeb55d92f67cd0a5163963debca946a1960214b919cc0de99bcd0c0ba13	115	kept_existing				/scratch/10992/liaorunlong93/casp16-leaderboard/data/msa_cache/store/60/60828aeb55d92f67cd0a5163963debca946a1960214b919cc0de99bcd0c0ba13/paired.916ec02d85caa54aa5d2b22859c5a9df570a75a8e56278eee3f3d22e568ee004.a3m	true	308	/scratch/10992/liaorunlong93/casp16-leaderboard/data/msa_cache/store/60/60828aeb55d92f67cd0a5163963debca946a1960214b919cc0de99bcd0c0ba13/unpaired.d536a2f9acc6465c577ba2060b395140e7c3c0ca0b01bf596977ecc233e769b1.a3m	true	3161	input_already_has_existing_msa_paths
T1201	0	a6269a72401e03d5ecbdfeee6984f548e56425fbd8de3dc18db502b5f3f099ab	204	kept_existing				/scratch/10992/liaorunlong93/casp16-leaderboard/data/msa_cache/store/a6/a6269a72401e03d5ecbdfeee6984f548e56425fbd8de3dc18db502b5f3f099ab/paired.ff9767888d136af626b6149df7df2608222c32eb2e9628c2ccfdb45d08caa9ba.a3m	true	143439	/scratch/10992/liaorunlong93/casp16-leaderboard/data/msa_cache/store/a6/a6269a72401e03d5ecbdfeee6984f548e56425fbd8de3dc18db502b5f3f099ab/unpaired.773357926ff97645b451b04a224fe6606d459d51ba6bf316ca0ed5ffcc7b3165.a3m	true	145586	input_already_has_existing_msa_paths
T1206	0	f88188b8caba776501637651f3c41ab3b08bbc237761c098d25da0490332318a	237	kept_existing				/scratch/10992/liaorunlong93/casp16-leaderboard/data/msa_cache/store/f8/f88188b8caba776501637651f3c41ab3b08bbc237761c098d25da0490332318a/paired.383974df59ba251679051b4eb019b7e08b3dbd13c2dd127def99037158e58d93.a3m	true	15063	/scratch/10992/liaorunlong93/casp16-leaderboard/data/msa_cache/store/f8/f88188b8caba776501637651f3c41ab3b08bbc237761c098d25da0490332318a/unpaired.3298e8f46eb3600e5e199738bbbdfd2f97a97ab14d5defb4c615df7ecefeeae0.a3m	true	2912	input_already_has_existing_msa_paths
T1210	0	b566abc20ec2e86bb1df8bad608e5d0271d85d24d46730e2977ef2b2bcfec2af	1770	kept_existing				/scratch/10992/liaorunlong93/casp16-leaderboard/data/msa_cache/store/b5/b566abc20ec2e86bb1df8bad608e5d0271d85d24d46730e2977ef2b2bcfec2af/paired.1afecd7da3bd89d6bc765e1a72585ff575a5e63a7f0f26e7351462f8d41d5217.a3m	true	1103265	/scratch/10992/liaorunlong93/casp16-leaderboard/data/msa_cache/store/b5/b566abc20ec2e86bb1df8bad608e5d0271d85d24d46730e2977ef2b2bcfec2af/unpaired.c5fe6cc77d7d48c245dbd4c8a58dfdbffd8cc62794e501cff675da93529e773a.a3m	true	920609	input_already_has_existing_msa_paths
T1234	0	92e0ae5ec6bea77badf08dafbd68178a36fa7245a33b543b0ae70828eb29699e	413	kept_existing				/scratch/10992/liaorunlong93/casp16-leaderboard/data/msa_cache/store/92/92e0ae5ec6bea77badf08dafbd68178a36fa7245a33b543b0ae70828eb29699e/paired.15314eead58e4c97d60bd4f95d3ec7dd0853319910faa090274c6fc62960f0ed.a3m	true	5383	/scratch/10992/liaorunlong93/casp16-leaderboard/data/msa_cache/store/92/92e0ae5ec6bea77badf08dafbd68178a36fa7245a33b543b0ae70828eb29699e/unpaired.e4215bceb45b774c457385f90559faf2576275875ae0d30e8e5ed3c5f3dc27dd.a3m	true	16680	input_already_has_existing_msa_paths
T1235	0	60828aeb55d92f67cd0a5163963debca946a1960214b919cc0de99bcd0c0ba13	115	kept_existing				/scratch/10992/liaorunlong93/casp16-leaderboard/data/msa_cache/store/60/60828aeb55d92f67cd0a5163963debca946a1960214b919cc0de99bcd0c0ba13/paired.916ec02d85caa54aa5d2b22859c5a9df570a75a8e56278eee3f3d22e568ee004.a3m	true	308	/scratch/10992/liaorunlong93/casp16-leaderboard/data/msa_cache/store/60/60828aeb55d92f67cd0a5163963debca946a1960214b919cc0de99bcd0c0ba13/unpaired.d536a2f9acc6465c577ba2060b395140e7c3c0ca0b01bf596977ecc233e769b1.a3m	true	3161	input_already_has_existing_msa_paths
T1249V1	0	1784bf03d1dc24f560d1fc8d2be2ee5c06b56f0324c6b75497fa9a0fdfd9210f	488	kept_existing				/scratch/10992/liaorunlong93/casp16-leaderboard/data/msa_cache/store/17/1784bf03d1dc24f560d1fc8d2be2ee5c06b56f0324c6b75497fa9a0fdfd9210f/paired.768ecae9d29dc438ccedf531f7ab0e818875dddeb0831fceed4cdbccd04f731c.a3m	true	141671	/scratch/10992/liaorunlong93/casp16-leaderboard/data/msa_cache/store/17/1784bf03d1dc24f560d1fc8d2be2ee5c06b56f0324c6b75497fa9a0fdfd9210f/unpaired.6a15684d5019bd94fdc68f7a7cad8cbf032180ee9416af2fc3d4fbef9f356cfb.a3m	true	11174	input_already_has_existing_msa_paths
T1266	0	746b2667bf6defc9d729eaa400f5b3642d0433faae82a9c0bbfae5649401438c	316	kept_existing				/scratch/10992/liaorunlong93/casp16-leaderboard/data/msa_cache/store/74/746b2667bf6defc9d729eaa400f5b3642d0433faae82a9c0bbfae5649401438c/paired.8a8659744449e0b40ebe8fffb7521f17db9413507557817571b7e4237f5bc143.a3m	true	651858	/scratch/10992/liaorunlong93/casp16-leaderboard/data/msa_cache/store/74/746b2667bf6defc9d729eaa400f5b3642d0433faae82a9c0bbfae5649401438c/unpaired.3d35a748c849a9982f2981da436d1fa290cd0bac1eff4a917fe697c95c1c67bd.a3m	true	574705	input_already_has_existing_msa_paths
T1269	0	64f2f8c89ef65bc17dc8ae25e044770585de4ff3d34f6c2b06398e802bd4bb77	1410	kept_existing				/scratch/10992/liaorunlong93/casp16-leaderboard/data/msa_cache/store/64/64f2f8c89ef65bc17dc8ae25e044770585de4ff3d34f6c2b06398e802bd4bb77/paired.8a7bd2eb2f362ceba1547add9b4f908657ef717dbb67f5eeb59fbcd3fb273e36.a3m	true	13758397	/scratch/10992/liaorunlong93/casp16-leaderboard/data/msa_cache/store/64/64f2f8c89ef65bc17dc8ae25e044770585de4ff3d34f6c2b06398e802bd4bb77/unpaired.1db2febb6e58d7fe54730864d25686f50fb614cd3b4d2105c1748a4483f60dc7.a3m	true	7232654	input_already_has_existing_msa_paths
T1280	0	fed44728d308435eef3f5fc607ac68f6b37a275bdd2ed802955b75d27e4f8336	237	kept_existing				/scratch/10992/liaorunlong93/casp16-leaderboard/data/msa_cache/store/fe/fed44728d308435eef3f5fc607ac68f6b37a275bdd2ed802955b75d27e4f8336/paired.1bac61954e8785e451e0364ee881ece18ccf828a05b50cc71c21957ec766e0f0.a3m	true	1292564	/scratch/10992/liaorunlong93/casp16-leaderboard/data/msa_cache/store/fe/fed44728d308435eef3f5fc607ac68f6b37a275bdd2ed802955b75d27e4f8336/unpaired.9230725c63b1970dab90aa5bce7cf83ab9eb157258e2dd1943732c2e5941f9ba.a3m	true	1902768	input_already_has_existing_msa_paths
T1298	0	b1d8e2a75cdddf89399c3b089e7c4dc9954162ea4d00e4193dc6b0df67641053	342	kept_existing				/scratch/10992/liaorunlong93/casp16-leaderboard/data/msa_cache/store/b1/b1d8e2a75cdddf89399c3b089e7c4dc9954162ea4d00e4193dc6b0df67641053/paired.f120294309eea5e5a52944a030e8d94373a1ed980d6a9b1d07ec5184c602e8d7.a3m	true	129190	/scratch/10992/liaorunlong93/casp16-leaderboard/data/msa_cache/store/b1/b1d8e2a75cdddf89399c3b089e7c4dc9954162ea4d00e4193dc6b0df67641053/unpaired.0f4dac7de0493683e33bcb50925eaa1e9fbd758935cef4d376b6f1090249c271.a3m	true	517613	input_already_has_existing_msa_paths
T1299	0	3810219a4d1679aa518a671b2cf10fa71779642b30868ec0c9d7db9d9cd09db8	168	kept_existing				/scratch/10992/liaorunlong93/casp16-leaderboard/data/msa_cache/store/38/3810219a4d1679aa518a671b2cf10fa71779642b30868ec0c9d7db9d9cd09db8/paired.2e6f88deac875fbe0640772f6983f41562d58589a366d08b8db37f5b5117342d.a3m	true	119494	/scratch/10992/liaorunlong93/casp16-leaderboard/data/msa_cache/store/38/3810219a4d1679aa518a671b2cf10fa71779642b30868ec0c9d7db9d9cd09db8/unpaired.d8f48a3a191e7a806110a11e74ab133050a1e3df4ec8f89d97585fe16373b530.a3m	true	78725	input_already_has_existing_msa_paths
T2201	0	a6269a72401e03d5ecbdfeee6984f548e56425fbd8de3dc18db502b5f3f099ab	204	kept_existing				/scratch/10992/liaorunlong93/casp16-leaderboard/data/msa_cache/store/a6/a6269a72401e03d5ecbdfeee6984f548e56425fbd8de3dc18db502b5f3f099ab/paired.ff9767888d136af626b6149df7df2608222c32eb2e9628c2ccfdb45d08caa9ba.a3m	true	143439	/scratch/10992/liaorunlong93/casp16-leaderboard/data/msa_cache/store/a6/a6269a72401e03d5ecbdfeee6984f548e56425fbd8de3dc18db502b5f3f099ab/unpaired.773357926ff97645b451b04a224fe6606d459d51ba6bf316ca0ed5ffcc7b3165.a3m	true	145586	input_already_has_existing_msa_paths
T2206	0	f88188b8caba776501637651f3c41ab3b08bbc237761c098d25da0490332318a	237	kept_existing				/scratch/10992/liaorunlong93/casp16-leaderboard/data/msa_cache/store/f8/f88188b8caba776501637651f3c41ab3b08bbc237761c098d25da0490332318a/paired.383974df59ba251679051b4eb019b7e08b3dbd13c2dd127def99037158e58d93.a3m	true	15063	/scratch/10992/liaorunlong93/casp16-leaderboard/data/msa_cache/store/f8/f88188b8caba776501637651f3c41ab3b08bbc237761c098d25da0490332318a/unpaired.3298e8f46eb3600e5e199738bbbdfd2f97a97ab14d5defb4c615df7ecefeeae0.a3m	true	2912	input_already_has_existing_msa_paths
T2210	0	b566abc20ec2e86bb1df8bad608e5d0271d85d24d46730e2977ef2b2bcfec2af	1770	kept_existing				/scratch/10992/liaorunlong93/casp16-leaderboard/data/msa_cache/store/b5/b566abc20ec2e86bb1df8bad608e5d0271d85d24d46730e2977ef2b2bcfec2af/paired.1afecd7da3bd89d6bc765e1a72585ff575a5e63a7f0f26e7351462f8d41d5217.a3m	true	1103265	/scratch/10992/liaorunlong93/casp16-leaderboard/data/msa_cache/store/b5/b566abc20ec2e86bb1df8bad608e5d0271d85d24d46730e2977ef2b2bcfec2af/unpaired.c5fe6cc77d7d48c245dbd4c8a58dfdbffd8cc62794e501cff675da93529e773a.a3m	true	920609	input_already_has_existing_msa_paths
T2234	0	92e0ae5ec6bea77badf08dafbd68178a36fa7245a33b543b0ae70828eb29699e	413	kept_existing				/scratch/10992/liaorunlong93/casp16-leaderboard/data/msa_cache/store/92/92e0ae5ec6bea77badf08dafbd68178a36fa7245a33b543b0ae70828eb29699e/paired.15314eead58e4c97d60bd4f95d3ec7dd0853319910faa090274c6fc62960f0ed.a3m	true	5383	/scratch/10992/liaorunlong93/casp16-leaderboard/data/msa_cache/store/92/92e0ae5ec6bea77badf08dafbd68178a36fa7245a33b543b0ae70828eb29699e/unpaired.e4215bceb45b774c457385f90559faf2576275875ae0d30e8e5ed3c5f3dc27dd.a3m	true	16680	input_already_has_existing_msa_paths
T2235	0	60828aeb55d92f67cd0a5163963debca946a1960214b919cc0de99bcd0c0ba13	115	kept_existing				/scratch/10992/liaorunlong93/casp16-leaderboard/data/msa_cache/store/60/60828aeb55d92f67cd0a5163963debca946a1960214b919cc0de99bcd0c0ba13/paired.916ec02d85caa54aa5d2b22859c5a9df570a75a8e56278eee3f3d22e568ee004.a3m	true	308	/scratch/10992/liaorunlong93/casp16-leaderboard/data/msa_cache/store/60/60828aeb55d92f67cd0a5163963debca946a1960214b919cc0de99bcd0c0ba13/unpaired.d536a2f9acc6465c577ba2060b395140e7c3c0ca0b01bf596977ecc233e769b1.a3m	true	3161	input_already_has_existing_msa_paths
T2249V1	0	1784bf03d1dc24f560d1fc8d2be2ee5c06b56f0324c6b75497fa9a0fdfd9210f	488	kept_existing				/scratch/10992/liaorunlong93/casp16-leaderboard/data/msa_cache/store/17/1784bf03d1dc24f560d1fc8d2be2ee5c06b56f0324c6b75497fa9a0fdfd9210f/paired.768ecae9d29dc438ccedf531f7ab0e818875dddeb0831fceed4cdbccd04f731c.a3m	true	141671	/scratch/10992/liaorunlong93/casp16-leaderboard/data/msa_cache/store/17/1784bf03d1dc24f560d1fc8d2be2ee5c06b56f0324c6b75497fa9a0fdfd9210f/unpaired.6a15684d5019bd94fdc68f7a7cad8cbf032180ee9416af2fc3d4fbef9f356cfb.a3m	true	11174	input_already_has_existing_msa_paths
T2266	0	746b2667bf6defc9d729eaa400f5b3642d0433faae82a9c0bbfae5649401438c	316	kept_existing				/scratch/10992/liaorunlong93/casp16-leaderboard/data/msa_cache/store/74/746b2667bf6defc9d729eaa400f5b3642d0433faae82a9c0bbfae5649401438c/paired.8a8659744449e0b40ebe8fffb7521f17db9413507557817571b7e4237f5bc143.a3m	true	651858	/scratch/10992/liaorunlong93/casp16-leaderboard/data/msa_cache/store/74/746b2667bf6defc9d729eaa400f5b3642d0433faae82a9c0bbfae5649401438c/unpaired.3d35a748c849a9982f2981da436d1fa290cd0bac1eff4a917fe697c95c1c67bd.a3m	true	574705	input_already_has_existing_msa_paths
T2269	0	64f2f8c89ef65bc17dc8ae25e044770585de4ff3d34f6c2b06398e802bd4bb77	1410	kept_existing				/scratch/10992/liaorunlong93/casp16-leaderboard/data/msa_cache/store/64/64f2f8c89ef65bc17dc8ae25e044770585de4ff3d34f6c2b06398e802bd4bb77/paired.8a7bd2eb2f362ceba1547add9b4f908657ef717dbb67f5eeb59fbcd3fb273e36.a3m	true	13758397	/scratch/10992/liaorunlong93/casp16-leaderboard/data/msa_cache/store/64/64f2f8c89ef65bc17dc8ae25e044770585de4ff3d34f6c2b06398e802bd4bb77/unpaired.1db2febb6e58d7fe54730864d25686f50fb614cd3b4d2105c1748a4483f60dc7.a3m	true	7232654	input_already_has_existing_msa_paths
T2280	0	fed44728d308435eef3f5fc607ac68f6b37a275bdd2ed802955b75d27e4f8336	237	kept_existing				/scratch/10992/liaorunlong93/casp16-leaderboard/data/msa_cache/store/fe/fed44728d308435eef3f5fc607ac68f6b37a275bdd2ed802955b75d27e4f8336/paired.1bac61954e8785e451e0364ee881ece18ccf828a05b50cc71c21957ec766e0f0.a3m	true	1292564	/scratch/10992/liaorunlong93/casp16-leaderboard/data/msa_cache/store/fe/fed44728d308435eef3f5fc607ac68f6b37a275bdd2ed802955b75d27e4f8336/unpaired.9230725c63b1970dab90aa5bce7cf83ab9eb157258e2dd1943732c2e5941f9ba.a3m	true	1902768	input_already_has_existing_msa_paths
T1212	0	cadaaf5c2f3f0aade5bdf2878c95c6df27a7e95b872d6cfc129667d51db3398e	466	kept_existing				/scratch/10992/liaorunlong93/casp16-leaderboard/data/msa_cache/store/ca/cadaaf5c2f3f0aade5bdf2878c95c6df27a7e95b872d6cfc129667d51db3398e/paired.fe5b6f58415e0243eab548331e70f5d646ee619c6d64354e999570255a7e3b56.a3m	true	2187218	/scratch/10992/liaorunlong93/casp16-leaderboard/data/msa_cache/store/ca/cadaaf5c2f3f0aade5bdf2878c95c6df27a7e95b872d6cfc129667d51db3398e/unpaired.cf99c22d1b4d57bbf41bc7e341b5a88319068e3310b9f0097a1a885fdeeb4c25.a3m	true	2726850	input_already_has_existing_msa_paths
T1239V2	0	f945ee17b79700c7bd55b58aa41a887f09f8fdc44cfba5afca9665b30b4592fe	620	kept_existing				/scratch/10992/liaorunlong93/casp16-leaderboard/data/msa_cache/store/f9/f945ee17b79700c7bd55b58aa41a887f09f8fdc44cfba5afca9665b30b4592fe/paired.b06413a165f3cae8ca069425c2ce545c7a931a1380d4bcec07560c85e66ac302.a3m	true	726521	/scratch/10992/liaorunlong93/casp16-leaderboard/data/msa_cache/store/f9/f945ee17b79700c7bd55b58aa41a887f09f8fdc44cfba5afca9665b30b4592fe/unpaired.8de6f8d3c3f6f2e2108706a80e565403f40ef0c98babfd115fe7cef5703fdecf.a3m	true	1359025	input_already_has_existing_msa_paths
T1249V2O	0	1784bf03d1dc24f560d1fc8d2be2ee5c06b56f0324c6b75497fa9a0fdfd9210f	488	kept_existing				/scratch/10992/liaorunlong93/casp16-leaderboard/data/msa_cache/store/17/1784bf03d1dc24f560d1fc8d2be2ee5c06b56f0324c6b75497fa9a0fdfd9210f/paired.768ecae9d29dc438ccedf531f7ab0e818875dddeb0831fceed4cdbccd04f731c.a3m	true	141671	/scratch/10992/liaorunlong93/casp16-leaderboard/data/msa_cache/store/17/1784bf03d1dc24f560d1fc8d2be2ee5c06b56f0324c6b75497fa9a0fdfd9210f/unpaired.6a15684d5019bd94fdc68f7a7cad8cbf032180ee9416af2fc3d4fbef9f356cfb.a3m	true	11174	input_already_has_existing_msa_paths
T1269V1O	0	64f2f8c89ef65bc17dc8ae25e044770585de4ff3d34f6c2b06398e802bd4bb77	1410	kept_existing				/scratch/10992/liaorunlong93/casp16-leaderboard/data/msa_cache/store/64/64f2f8c89ef65bc17dc8ae25e044770585de4ff3d34f6c2b06398e802bd4bb77/paired.8a7bd2eb2f362ceba1547add9b4f908657ef717dbb67f5eeb59fbcd3fb273e36.a3m	true	13758397	/scratch/10992/liaorunlong93/casp16-leaderboard/data/msa_cache/store/64/64f2f8c89ef65bc17dc8ae25e044770585de4ff3d34f6c2b06398e802bd4bb77/unpaired.1db2febb6e58d7fe54730864d25686f50fb614cd3b4d2105c1748a4483f60dc7.a3m	true	7232654	input_already_has_existing_msa_paths
T2249V2O	0	1784bf03d1dc24f560d1fc8d2be2ee5c06b56f0324c6b75497fa9a0fdfd9210f	488	kept_existing				/scratch/10992/liaorunlong93/casp16-leaderboard/data/msa_cache/store/17/1784bf03d1dc24f560d1fc8d2be2ee5c06b56f0324c6b75497fa9a0fdfd9210f/paired.768ecae9d29dc438ccedf531f7ab0e818875dddeb0831fceed4cdbccd04f731c.a3m	true	141671	/scratch/10992/liaorunlong93/casp16-leaderboard/data/msa_cache/store/17/1784bf03d1dc24f560d1fc8d2be2ee5c06b56f0324c6b75497fa9a0fdfd9210f/unpaired.6a15684d5019bd94fdc68f7a7cad8cbf032180ee9416af2fc3d4fbef9f356cfb.a3m	true	11174	input_already_has_existing_msa_paths
