target_shard	seed_block	run_id	benchmark	strategy	input_json	input_manifest	seeds	sample	execution_candidate_count	merged_candidate_count	selected_model_policy	status	role
01	101_105	server_v2_attack_scoreable_input_repair_size_balanced_shard01_msa_reuse_protenix5_seed101_105	casp16_server_protein_v2_aliasfix	target_shards_scoreable_input_repair_size_balanced_v1_server_attack_protenix5	/scratch/10992/liaorunlong93/casp16-leaderboard/runs/server_v2_attack_scoreable_input_repair_size_balanced_shard01_msa_reuse_protenix5_seed101_105/inputs/scoreable_input_repair_size_balanced_01.inputs.msa-reuse.json	strategies/scoreable_target_subset_input_repair_v1/casp16_server_protein_v2_aliasfix/manifest.tsv	101,102,103,104,105	1	5	25	protenix_confidence_v1	cancelled:replaced_by_p17_overlay	superseded_protenix5_reuse
01	106_110	server_v2_attack_scoreable_input_repair_size_balanced_shard01_msa_reuse_protenix25_seed106_110	casp16_server_protein_v2_aliasfix	target_shards_scoreable_input_repair_size_balanced_v1_server_attack_protenix25	/scratch/10992/liaorunlong93/casp16-leaderboard/runs/server_v2_attack_scoreable_input_repair_size_balanced_shard01_msa_reuse_protenix25_seed106_110/inputs/scoreable_input_repair_size_balanced_01.inputs.msa-reuse.json	strategies/scoreable_target_subset_input_repair_v1/casp16_server_protein_v2_aliasfix/manifest.tsv	106,107,108,109,110	1	5	25	protenix_confidence_v1	submitted:slurm_812935	submitted
01	111_115	server_v2_attack_scoreable_input_repair_size_balanced_shard01_msa_reuse_protenix25_seed111_115	casp16_server_protein_v2_aliasfix	target_shards_scoreable_input_repair_size_balanced_v1_server_attack_protenix25	/scratch/10992/liaorunlong93/casp16-leaderboard/runs/server_v2_attack_scoreable_input_repair_size_balanced_shard01_msa_reuse_protenix25_seed111_115/inputs/scoreable_input_repair_size_balanced_01.inputs.msa-reuse.json	strategies/scoreable_target_subset_input_repair_v1/casp16_server_protein_v2_aliasfix/manifest.tsv	111,112,113,114,115	1	5	25	protenix_confidence_v1	submitted:slurm_812936	submitted
01	116_120	server_v2_attack_scoreable_input_repair_size_balanced_shard01_msa_reuse_protenix25_seed116_120	casp16_server_protein_v2_aliasfix	target_shards_scoreable_input_repair_size_balanced_v1_server_attack_protenix25	/scratch/10992/liaorunlong93/casp16-leaderboard/runs/server_v2_attack_scoreable_input_repair_size_balanced_shard01_msa_reuse_protenix25_seed116_120/inputs/scoreable_input_repair_size_balanced_01.inputs.msa-reuse.json	strategies/scoreable_target_subset_input_repair_v1/casp16_server_protein_v2_aliasfix/manifest.tsv	116,117,118,119,120	1	5	25	protenix_confidence_v1	submitted:slurm_812937	submitted
01	121_125	server_v2_attack_scoreable_input_repair_size_balanced_shard01_msa_reuse_protenix25_seed121_125	casp16_server_protein_v2_aliasfix	target_shards_scoreable_input_repair_size_balanced_v1_server_attack_protenix25	/scratch/10992/liaorunlong93/casp16-leaderboard/runs/server_v2_attack_scoreable_input_repair_size_balanced_shard01_msa_reuse_protenix25_seed121_125/inputs/scoreable_input_repair_size_balanced_01.inputs.msa-reuse.json	strategies/scoreable_target_subset_input_repair_v1/casp16_server_protein_v2_aliasfix/manifest.tsv	121,122,123,124,125	1	5	25	protenix_confidence_v1	submitted:slurm_812938	submitted
02	101_105	server_v2_attack_scoreable_input_repair_size_balanced_shard02_msa_reuse_protenix5_seed101_105	casp16_server_protein_v2_aliasfix	target_shards_scoreable_input_repair_size_balanced_v1_server_attack_protenix5	/scratch/10992/liaorunlong93/casp16-leaderboard/runs/server_v2_attack_scoreable_input_repair_size_balanced_shard02_msa_reuse_protenix5_seed101_105/inputs/scoreable_input_repair_size_balanced_02.inputs.msa-reuse.json	strategies/scoreable_target_subset_input_repair_v1/casp16_server_protein_v2_aliasfix/manifest.tsv	101,102,103,104,105	1	5	25	protenix_confidence_v1	cancelled:replaced_by_p17_overlay	superseded_protenix5_reuse
02	106_110	server_v2_attack_scoreable_input_repair_size_balanced_shard02_msa_reuse_protenix25_seed106_110	casp16_server_protein_v2_aliasfix	target_shards_scoreable_input_repair_size_balanced_v1_server_attack_protenix25	/scratch/10992/liaorunlong93/casp16-leaderboard/runs/server_v2_attack_scoreable_input_repair_size_balanced_shard02_msa_reuse_protenix25_seed106_110/inputs/scoreable_input_repair_size_balanced_02.inputs.msa-reuse.json	strategies/scoreable_target_subset_input_repair_v1/casp16_server_protein_v2_aliasfix/manifest.tsv	106,107,108,109,110	1	5	25	protenix_confidence_v1	submitted:slurm_812939	submitted
02	111_115	server_v2_attack_scoreable_input_repair_size_balanced_shard02_msa_reuse_protenix25_seed111_115	casp16_server_protein_v2_aliasfix	target_shards_scoreable_input_repair_size_balanced_v1_server_attack_protenix25	/scratch/10992/liaorunlong93/casp16-leaderboard/runs/server_v2_attack_scoreable_input_repair_size_balanced_shard02_msa_reuse_protenix25_seed111_115/inputs/scoreable_input_repair_size_balanced_02.inputs.msa-reuse.json	strategies/scoreable_target_subset_input_repair_v1/casp16_server_protein_v2_aliasfix/manifest.tsv	111,112,113,114,115	1	5	25	protenix_confidence_v1	submitted:slurm_812940	submitted
02	116_120	server_v2_attack_scoreable_input_repair_size_balanced_shard02_msa_reuse_protenix25_seed116_120	casp16_server_protein_v2_aliasfix	target_shards_scoreable_input_repair_size_balanced_v1_server_attack_protenix25	/scratch/10992/liaorunlong93/casp16-leaderboard/runs/server_v2_attack_scoreable_input_repair_size_balanced_shard02_msa_reuse_protenix25_seed116_120/inputs/scoreable_input_repair_size_balanced_02.inputs.msa-reuse.json	strategies/scoreable_target_subset_input_repair_v1/casp16_server_protein_v2_aliasfix/manifest.tsv	116,117,118,119,120	1	5	25	protenix_confidence_v1	submitted:slurm_812941	submitted
02	121_125	server_v2_attack_scoreable_input_repair_size_balanced_shard02_msa_reuse_protenix25_seed121_125	casp16_server_protein_v2_aliasfix	target_shards_scoreable_input_repair_size_balanced_v1_server_attack_protenix25	/scratch/10992/liaorunlong93/casp16-leaderboard/runs/server_v2_attack_scoreable_input_repair_size_balanced_shard02_msa_reuse_protenix25_seed121_125/inputs/scoreable_input_repair_size_balanced_02.inputs.msa-reuse.json	strategies/scoreable_target_subset_input_repair_v1/casp16_server_protein_v2_aliasfix/manifest.tsv	121,122,123,124,125	1	5	25	protenix_confidence_v1	submitted:slurm_812942	submitted
03	101_105	server_v2_attack_scoreable_input_repair_size_balanced_shard03_msa_reuse_protenix5_seed101_105	casp16_server_protein_v2_aliasfix	target_shards_scoreable_input_repair_size_balanced_v1_server_attack_protenix5	/scratch/10992/liaorunlong93/casp16-leaderboard/runs/server_v2_attack_scoreable_input_repair_size_balanced_shard03_msa_reuse_protenix5_seed101_105/inputs/scoreable_input_repair_size_balanced_03.inputs.msa-reuse.json	strategies/scoreable_target_subset_input_repair_v1/casp16_server_protein_v2_aliasfix/manifest.tsv	101,102,103,104,105	1	5	25	protenix_confidence_v1	cancelled:replaced_by_p17_overlay	superseded_protenix5_reuse
03	106_110	server_v2_attack_scoreable_input_repair_size_balanced_shard03_msa_reuse_protenix25_seed106_110	casp16_server_protein_v2_aliasfix	target_shards_scoreable_input_repair_size_balanced_v1_server_attack_protenix25	/scratch/10992/liaorunlong93/casp16-leaderboard/runs/server_v2_attack_scoreable_input_repair_size_balanced_shard03_msa_reuse_protenix25_seed106_110/inputs/scoreable_input_repair_size_balanced_03.inputs.msa-reuse.json	strategies/scoreable_target_subset_input_repair_v1/casp16_server_protein_v2_aliasfix/manifest.tsv	106,107,108,109,110	1	5	25	protenix_confidence_v1	submitted:slurm_812943	submitted
03	111_115	server_v2_attack_scoreable_input_repair_size_balanced_shard03_msa_reuse_protenix25_seed111_115	casp16_server_protein_v2_aliasfix	target_shards_scoreable_input_repair_size_balanced_v1_server_attack_protenix25	/scratch/10992/liaorunlong93/casp16-leaderboard/runs/server_v2_attack_scoreable_input_repair_size_balanced_shard03_msa_reuse_protenix25_seed111_115/inputs/scoreable_input_repair_size_balanced_03.inputs.msa-reuse.json	strategies/scoreable_target_subset_input_repair_v1/casp16_server_protein_v2_aliasfix/manifest.tsv	111,112,113,114,115	1	5	25	protenix_confidence_v1	submitted:slurm_812944	submitted
03	116_120	server_v2_attack_scoreable_input_repair_size_balanced_shard03_msa_reuse_protenix25_seed116_120	casp16_server_protein_v2_aliasfix	target_shards_scoreable_input_repair_size_balanced_v1_server_attack_protenix25	/scratch/10992/liaorunlong93/casp16-leaderboard/runs/server_v2_attack_scoreable_input_repair_size_balanced_shard03_msa_reuse_protenix25_seed116_120/inputs/scoreable_input_repair_size_balanced_03.inputs.msa-reuse.json	strategies/scoreable_target_subset_input_repair_v1/casp16_server_protein_v2_aliasfix/manifest.tsv	116,117,118,119,120	1	5	25	protenix_confidence_v1	submitted:slurm_812945	submitted
03	121_125	server_v2_attack_scoreable_input_repair_size_balanced_shard03_msa_reuse_protenix25_seed121_125	casp16_server_protein_v2_aliasfix	target_shards_scoreable_input_repair_size_balanced_v1_server_attack_protenix25	/scratch/10992/liaorunlong93/casp16-leaderboard/runs/server_v2_attack_scoreable_input_repair_size_balanced_shard03_msa_reuse_protenix25_seed121_125/inputs/scoreable_input_repair_size_balanced_03.inputs.msa-reuse.json	strategies/scoreable_target_subset_input_repair_v1/casp16_server_protein_v2_aliasfix/manifest.tsv	121,122,123,124,125	1	5	25	protenix_confidence_v1	submitted:slurm_812946	submitted
04	101_105	server_v2_attack_scoreable_input_repair_size_balanced_shard04_msa_reuse_protenix5_seed101_105	casp16_server_protein_v2_aliasfix	target_shards_scoreable_input_repair_size_balanced_v1_server_attack_protenix5	/scratch/10992/liaorunlong93/casp16-leaderboard/runs/server_v2_attack_scoreable_input_repair_size_balanced_shard04_msa_reuse_protenix5_seed101_105/inputs/scoreable_input_repair_size_balanced_04.inputs.msa-reuse.json	strategies/scoreable_target_subset_input_repair_v1/casp16_server_protein_v2_aliasfix/manifest.tsv	101,102,103,104,105	1	5	25	protenix_confidence_v1	cancelled:replaced_by_p17_overlay	superseded_protenix5_reuse
04	106_110	server_v2_attack_scoreable_input_repair_size_balanced_shard04_msa_reuse_protenix25_seed106_110	casp16_server_protein_v2_aliasfix	target_shards_scoreable_input_repair_size_balanced_v1_server_attack_protenix25	/scratch/10992/liaorunlong93/casp16-leaderboard/runs/server_v2_attack_scoreable_input_repair_size_balanced_shard04_msa_reuse_protenix25_seed106_110/inputs/scoreable_input_repair_size_balanced_04.inputs.msa-reuse.json	strategies/scoreable_target_subset_input_repair_v1/casp16_server_protein_v2_aliasfix/manifest.tsv	106,107,108,109,110	1	5	25	protenix_confidence_v1	submitted:slurm_812947	submitted
04	111_115	server_v2_attack_scoreable_input_repair_size_balanced_shard04_msa_reuse_protenix25_seed111_115	casp16_server_protein_v2_aliasfix	target_shards_scoreable_input_repair_size_balanced_v1_server_attack_protenix25	/scratch/10992/liaorunlong93/casp16-leaderboard/runs/server_v2_attack_scoreable_input_repair_size_balanced_shard04_msa_reuse_protenix25_seed111_115/inputs/scoreable_input_repair_size_balanced_04.inputs.msa-reuse.json	strategies/scoreable_target_subset_input_repair_v1/casp16_server_protein_v2_aliasfix/manifest.tsv	111,112,113,114,115	1	5	25	protenix_confidence_v1	submitted:slurm_812948	submitted
04	116_120	server_v2_attack_scoreable_input_repair_size_balanced_shard04_msa_reuse_protenix25_seed116_120	casp16_server_protein_v2_aliasfix	target_shards_scoreable_input_repair_size_balanced_v1_server_attack_protenix25	/scratch/10992/liaorunlong93/casp16-leaderboard/runs/server_v2_attack_scoreable_input_repair_size_balanced_shard04_msa_reuse_protenix25_seed116_120/inputs/scoreable_input_repair_size_balanced_04.inputs.msa-reuse.json	strategies/scoreable_target_subset_input_repair_v1/casp16_server_protein_v2_aliasfix/manifest.tsv	116,117,118,119,120	1	5	25	protenix_confidence_v1	submitted:slurm_812949	submitted
04	121_125	server_v2_attack_scoreable_input_repair_size_balanced_shard04_msa_reuse_protenix25_seed121_125	casp16_server_protein_v2_aliasfix	target_shards_scoreable_input_repair_size_balanced_v1_server_attack_protenix25	/scratch/10992/liaorunlong93/casp16-leaderboard/runs/server_v2_attack_scoreable_input_repair_size_balanced_shard04_msa_reuse_protenix25_seed121_125/inputs/scoreable_input_repair_size_balanced_04.inputs.msa-reuse.json	strategies/scoreable_target_subset_input_repair_v1/casp16_server_protein_v2_aliasfix/manifest.tsv	121,122,123,124,125	1	5	25	protenix_confidence_v1	submitted:slurm_812950	submitted
05	101_105	server_v2_attack_scoreable_input_repair_size_balanced_shard05_msa_reuse_protenix5_seed101_105	casp16_server_protein_v2_aliasfix	target_shards_scoreable_input_repair_size_balanced_v1_server_attack_protenix5	/scratch/10992/liaorunlong93/casp16-leaderboard/runs/server_v2_attack_scoreable_input_repair_size_balanced_shard05_msa_reuse_protenix5_seed101_105/inputs/scoreable_input_repair_size_balanced_05.inputs.msa-reuse.json	strategies/scoreable_target_subset_input_repair_v1/casp16_server_protein_v2_aliasfix/manifest.tsv	101,102,103,104,105	1	5	25	protenix_confidence_v1	cancelled:replaced_by_p17_overlay	superseded_protenix5_reuse
05	106_110	server_v2_attack_scoreable_input_repair_size_balanced_shard05_msa_reuse_protenix25_seed106_110	casp16_server_protein_v2_aliasfix	target_shards_scoreable_input_repair_size_balanced_v1_server_attack_protenix25	/scratch/10992/liaorunlong93/casp16-leaderboard/runs/server_v2_attack_scoreable_input_repair_size_balanced_shard05_msa_reuse_protenix25_seed106_110/inputs/scoreable_input_repair_size_balanced_05.inputs.msa-reuse.json	strategies/scoreable_target_subset_input_repair_v1/casp16_server_protein_v2_aliasfix/manifest.tsv	106,107,108,109,110	1	5	25	protenix_confidence_v1	submitted:slurm_812951	submitted
05	111_115	server_v2_attack_scoreable_input_repair_size_balanced_shard05_msa_reuse_protenix25_seed111_115	casp16_server_protein_v2_aliasfix	target_shards_scoreable_input_repair_size_balanced_v1_server_attack_protenix25	/scratch/10992/liaorunlong93/casp16-leaderboard/runs/server_v2_attack_scoreable_input_repair_size_balanced_shard05_msa_reuse_protenix25_seed111_115/inputs/scoreable_input_repair_size_balanced_05.inputs.msa-reuse.json	strategies/scoreable_target_subset_input_repair_v1/casp16_server_protein_v2_aliasfix/manifest.tsv	111,112,113,114,115	1	5	25	protenix_confidence_v1	submitted:slurm_812952	submitted
05	116_120	server_v2_attack_scoreable_input_repair_size_balanced_shard05_msa_reuse_protenix25_seed116_120	casp16_server_protein_v2_aliasfix	target_shards_scoreable_input_repair_size_balanced_v1_server_attack_protenix25	/scratch/10992/liaorunlong93/casp16-leaderboard/runs/server_v2_attack_scoreable_input_repair_size_balanced_shard05_msa_reuse_protenix25_seed116_120/inputs/scoreable_input_repair_size_balanced_05.inputs.msa-reuse.json	strategies/scoreable_target_subset_input_repair_v1/casp16_server_protein_v2_aliasfix/manifest.tsv	116,117,118,119,120	1	5	25	protenix_confidence_v1	submitted:slurm_812953	submitted
05	121_125	server_v2_attack_scoreable_input_repair_size_balanced_shard05_msa_reuse_protenix25_seed121_125	casp16_server_protein_v2_aliasfix	target_shards_scoreable_input_repair_size_balanced_v1_server_attack_protenix25	/scratch/10992/liaorunlong93/casp16-leaderboard/runs/server_v2_attack_scoreable_input_repair_size_balanced_shard05_msa_reuse_protenix25_seed121_125/inputs/scoreable_input_repair_size_balanced_05.inputs.msa-reuse.json	strategies/scoreable_target_subset_input_repair_v1/casp16_server_protein_v2_aliasfix/manifest.tsv	121,122,123,124,125	1	5	25	protenix_confidence_v1	submitted:slurm_812954	submitted
06	101_105	server_v2_attack_scoreable_input_repair_size_balanced_shard06_msa_reuse_protenix5_seed101_105	casp16_server_protein_v2_aliasfix	target_shards_scoreable_input_repair_size_balanced_v1_server_attack_protenix5	/scratch/10992/liaorunlong93/casp16-leaderboard/runs/server_v2_attack_scoreable_input_repair_size_balanced_shard06_msa_reuse_protenix5_seed101_105/inputs/scoreable_input_repair_size_balanced_06.inputs.msa-reuse.json	strategies/scoreable_target_subset_input_repair_v1/casp16_server_protein_v2_aliasfix/manifest.tsv	101,102,103,104,105	1	5	25	protenix_confidence_v1	cancelled:replaced_by_p17_overlay	superseded_protenix5_reuse
06	106_110	server_v2_attack_scoreable_input_repair_size_balanced_shard06_msa_reuse_protenix25_seed106_110	casp16_server_protein_v2_aliasfix	target_shards_scoreable_input_repair_size_balanced_v1_server_attack_protenix25	/scratch/10992/liaorunlong93/casp16-leaderboard/runs/server_v2_attack_scoreable_input_repair_size_balanced_shard06_msa_reuse_protenix25_seed106_110/inputs/scoreable_input_repair_size_balanced_06.inputs.msa-reuse.json	strategies/scoreable_target_subset_input_repair_v1/casp16_server_protein_v2_aliasfix/manifest.tsv	106,107,108,109,110	1	5	25	protenix_confidence_v1	submitted:slurm_812955	submitted
06	111_115	server_v2_attack_scoreable_input_repair_size_balanced_shard06_msa_reuse_protenix25_seed111_115	casp16_server_protein_v2_aliasfix	target_shards_scoreable_input_repair_size_balanced_v1_server_attack_protenix25	/scratch/10992/liaorunlong93/casp16-leaderboard/runs/server_v2_attack_scoreable_input_repair_size_balanced_shard06_msa_reuse_protenix25_seed111_115/inputs/scoreable_input_repair_size_balanced_06.inputs.msa-reuse.json	strategies/scoreable_target_subset_input_repair_v1/casp16_server_protein_v2_aliasfix/manifest.tsv	111,112,113,114,115	1	5	25	protenix_confidence_v1	submitted:slurm_812956	submitted
06	116_120	server_v2_attack_scoreable_input_repair_size_balanced_shard06_msa_reuse_protenix25_seed116_120	casp16_server_protein_v2_aliasfix	target_shards_scoreable_input_repair_size_balanced_v1_server_attack_protenix25	/scratch/10992/liaorunlong93/casp16-leaderboard/runs/server_v2_attack_scoreable_input_repair_size_balanced_shard06_msa_reuse_protenix25_seed116_120/inputs/scoreable_input_repair_size_balanced_06.inputs.msa-reuse.json	strategies/scoreable_target_subset_input_repair_v1/casp16_server_protein_v2_aliasfix/manifest.tsv	116,117,118,119,120	1	5	25	protenix_confidence_v1	submitted:slurm_812957	submitted
06	121_125	server_v2_attack_scoreable_input_repair_size_balanced_shard06_msa_reuse_protenix25_seed121_125	casp16_server_protein_v2_aliasfix	target_shards_scoreable_input_repair_size_balanced_v1_server_attack_protenix25	/scratch/10992/liaorunlong93/casp16-leaderboard/runs/server_v2_attack_scoreable_input_repair_size_balanced_shard06_msa_reuse_protenix25_seed121_125/inputs/scoreable_input_repair_size_balanced_06.inputs.msa-reuse.json	strategies/scoreable_target_subset_input_repair_v1/casp16_server_protein_v2_aliasfix/manifest.tsv	121,122,123,124,125	1	5	25	protenix_confidence_v1	submitted:slurm_812958	submitted
